game_id,game_date,home_team,away_team,start_time,hour,minute,second
2001_01_NYG_DEN,2001-09-10,DEN,NYG,21:00:00,21,0,0
2001_02_WAS_GB,2001-09-24,GB,WAS,21:00:00,21,0,0
2001_03_SF_NYJ,2001-10-01,NYJ,SF,21:00:00,21,0,0
2001_04_STL_DET,2001-10-08,DET,LA,21:00:00,21,0,0
2001_05_WAS_DAL,2001-10-15,DAL,WAS,21:00:00,21,0,0
2001_06_PHI_NYG,2001-10-22,NYG,PHI,21:00:00,21,0,0
2001_07_TEN_PIT,2001-10-29,PIT,TEN,21:00:00,21,0,0
2001_08_DEN_OAK,2001-11-05,LV,DEN,21:00:00,21,0,0
2001_09_BAL_TEN,2001-11-12,TEN,BAL,21:00:00,21,0,0
2001_10_NYG_MIN,2001-11-19,MIN,NYG,21:00:00,21,0,0
2001_11_GB_DET,2001-11-22,DET,GB,12:30:00,12,30,0
2001_11_TB_STL,2001-11-26,LA,TB,21:00:00,21,0,0
2001_12_GB_JAX,2001-12-03,JAX,GB,21:00:00,21,0,0
2001_13_IND_MIA,2001-12-10,MIA,IND,21:00:00,21,0,0
2001_14_OAK_SD,2001-12-15,LAC,LV,17:00:00,17,0,0
2001_14_STL_NO,2001-12-17,NO,LA,21:00:00,21,0,0
2001_15_PHI_SF,2001-12-22,SF,PHI,17:00:00,17,0,0
2001_15_TEN_OAK,2001-12-22,LV,TEN,21:00:00,21,0,0
2001_16_BAL_TB,2001-12-29,TB,BAL,21:00:00,21,0,0
2001_17_DEN_IND,2002-01-06,IND,DEN,12:00:00,12,0,0
2001_17_MIN_BAL,2002-01-07,BAL,MIN,21:00:00,21,0,0
2001_18_SF_GB,2002-01-13,GB,SF,12:30:00,12,30,0
2001_19_BAL_PIT,2002-01-20,PIT,BAL,12:30:00,12,30,0
2001_20_NE_PIT,2002-01-27,PIT,NE,12:30:00,12,30,0
2001_21_STL_NE,2002-02-03,NE,LA,18:40:00,18,40,0
2002_01_PIT_NE,2002-09-09,NE,PIT,21:00:00,21,0,0
2002_02_PHI_WAS,2002-09-16,WAS,PHI,21:00:00,21,0,0
2002_03_STL_TB,2002-09-23,TB,LA,21:00:00,21,0,0
2002_04_DEN_BAL,2002-09-30,BAL,DEN,21:00:00,21,0,0
2002_05_GB_CHI,2002-10-07,CHI,GB,21:00:00,21,0,0
2002_06_SF_SEA,2002-10-14,SEA,SF,21:00:00,21,0,0
2002_07_IND_PIT,2002-10-21,PIT,IND,21:00:00,21,0,0
2002_08_NYG_PHI,2002-10-28,PHI,NYG,21:00:00,21,0,0
2002_09_MIA_GB,2002-11-04,GB,MIA,21:00:00,21,0,0
2002_10_OAK_DEN,2002-11-11,DEN,LV,21:00:00,21,0,0
2002_11_CHI_STL,2002-11-18,LA,CHI,21:00:00,21,0,0
2002_12_PHI_SF,2002-11-25,SF,PHI,21:00:00,21,0,0
2002_13_NE_DET,2002-11-28,DET,NE,12:30:00,12,30,0
2002_13_NYJ_OAK,2002-12-02,LV,NYJ,21:00:00,21,0,0
2002_14_CHI_MIA,2002-12-09,MIA,CHI,21:00:00,21,0,0
2002_15_NE_TEN,2002-12-16,TEN,NE,21:00:00,21,0,0
2002_16_PIT_TB,2002-12-23,TB,PIT,21:00:00,21,0,0
2002_16_SF_ARI,2002-12-21,ARI,SF,17:00:00,17,0,0
2002_17_KC_OAK,2002-12-28,LV,KC,17:00:00,17,0,0
2002_17_SF_STL,2002-12-30,LA,SF,21:00:00,21,0,0
2002_20_TB_PHI,2003-01-19,PHI,TB,15:00:00,15,0,0
2002_20_TEN_OAK,2003-01-19,LV,TEN,18:30:00,18,30,0
2002_21_OAK_TB,2003-01-26,TB,LV,18:18:00,18,18,0
2003_01_ARI_DET,2003-09-07,DET,ARI,09:06:08,9,6,8
2003_01_ATL_DAL,2003-09-07,DAL,ATL,11:19:07,11,19,7
2003_01_BAL_PIT,2003-09-07,PIT,BAL,09:06:08,9,6,8
2003_01_CHI_SF,2003-09-07,SF,CHI,09:20:06,9,20,6
2003_01_DEN_CIN,2003-09-07,CIN,DEN,09:06:09,9,6,9
2003_01_HOU_MIA,2003-09-07,MIA,HOU,09:06:02,9,6,2
2003_01_IND_CLE,2003-09-07,CLE,IND,09:06:20,9,6,20
2003_01_JAX_CAR,2003-09-07,CAR,JAX,09:05:57,9,5,57
2003_01_MIN_GB,2003-09-07,GB,MIN,08:05:19,8,5,19
2003_01_NE_BUF,2003-09-07,BUF,NE,09:07:22,9,7,22
2003_01_NO_SEA,2003-09-07,SEA,NO,09:18:14,9,18,14
2003_01_NYJ_WAS,2003-09-04,WAS,NYJ,17:09:06,17,9,6
2003_01_OAK_TEN,2003-09-07,TEN,LV,15:51:02,15,51,2
2003_01_SD_KC,2003-09-07,KC,LAC,08:14:06,8,14,6
2003_01_STL_NYG,2003-09-07,NYG,LA,09:05:18,9,5,18
2003_01_TB_PHI,2003-09-08,PHI,TB,17:09:36,17,9,36
2003_02_BUF_JAX,2003-09-14,JAX,BUF,09:03:00,9,3,0
2003_02_CAR_TB,2003-09-14,TB,CAR,12:05:32,12,5,32
2003_02_CHI_MIN,2003-09-14,MIN,CHI,15:44:26,15,44,26
2003_02_CIN_OAK,2003-09-14,LV,CIN,09:16:03,9,16,3
2003_02_CLE_BAL,2003-09-14,BAL,CLE,09:02:44,9,2,44
2003_02_DAL_NYG,2003-09-15,NYG,DAL,17:09:01,17,9,1
2003_02_DEN_SD,2003-09-14,LAC,DEN,09:16:23,9,16,23
2003_02_DET_GB,2003-09-14,GB,DET,08:03:11,8,3,11
2003_02_HOU_NO,2003-09-14,NO,HOU,08:02:33,8,2,33
2003_02_MIA_NYJ,2003-09-14,NYJ,MIA,09:02:55,9,2,55
2003_02_NE_PHI,2003-09-14,PHI,NE,12:15:33,12,15,33
2003_02_PIT_KC,2003-09-14,KC,PIT,08:02:47,8,2,47
2003_02_SEA_ARI,2003-09-14,ARI,SEA,09:05:41,9,5,41
2003_02_SF_STL,2003-09-14,LA,SF,08:03:55,8,3,55
2003_02_TEN_IND,2003-09-14,IND,TEN,08:02:50,8,2,50
2003_02_WAS_ATL,2003-09-14,ATL,WAS,09:03:33,9,3,33
2003_03_BAL_SD,2003-09-21,LAC,BAL,09:15:29,9,15,29
2003_03_CLE_SF,2003-09-21,SF,CLE,09:16:11,9,16,11
2003_03_GB_ARI,2003-09-21,ARI,GB,09:06:13,9,6,13
2003_03_JAX_IND,2003-09-21,IND,JAX,08:02:43,8,2,43
2003_03_KC_HOU,2003-09-21,HOU,KC,08:02:23,8,2,23
2003_03_MIN_DET,2003-09-21,DET,MIN,09:03:09,9,3,9
2003_03_NO_TEN,2003-09-21,TEN,NO,08:03:12,8,3,12
2003_03_NYG_WAS,2003-09-21,WAS,NYG,12:05:34,12,5,34
2003_03_NYJ_NE,2003-09-21,NE,NYJ,09:02:59,9,2,59
2003_03_OAK_DEN,2003-09-22,DEN,LV,15:09:22,15,9,22
2003_03_PIT_CIN,2003-09-21,CIN,PIT,09:02:18,9,2,18
2003_03_STL_SEA,2003-09-21,SEA,LA,09:05:58,9,5,58
2003_03_TB_ATL,2003-09-21,ATL,TB,09:03:29,9,3,29
2003_04_ARI_STL,2003-09-28,LA,ARI,08:03:08,8,3,8
2003_04_ATL_CAR,2003-09-28,CAR,ATL,12:15:38,12,15,38
2003_04_CIN_CLE,2003-09-28,CLE,CIN,09:02:43,9,2,43
2003_04_DAL_NYJ,2003-09-28,NYJ,DAL,12:15:36,12,15,36
2003_04_DET_DEN,2003-09-28,DEN,DET,10:15:23,10,15,23
2003_04_IND_NO,2003-09-28,NO,IND,15:37:11,15,37,11
2003_04_JAX_HOU,2003-09-28,HOU,JAX,08:03:05,8,3,5
2003_04_KC_BAL,2003-09-28,BAL,KC,12:06:00,12,6,0
2003_04_NE_WAS,2003-09-28,WAS,NE,09:03:05,9,3,5
2003_04_PHI_BUF,2003-09-28,BUF,PHI,09:03:05,9,3,5
2003_04_SD_OAK,2003-09-28,LV,LAC,09:05:47,9,5,47
2003_04_SF_MIN,2003-09-28,MIN,SF,08:03:04,8,3,4
2003_04_TEN_PIT,2003-09-28,PIT,TEN,09:02:18,9,2,18
2003_05_ARI_DAL,2003-10-05,DAL,ARI,08:02:21,8,2,21
2003_05_CIN_BUF,2003-10-05,BUF,CIN,09:03:05,9,3,5
2003_05_DEN_KC,2003-10-05,KC,DEN,08:26:36,8,26,36
2003_05_DET_SF,2003-10-05,SF,DET,09:15:16,9,15,16
2003_05_IND_TB,2003-10-06,TB,IND,17:09:15,17,9,15
2003_05_MIA_NYG,2003-10-05,NYG,MIA,09:02:59,9,2,59
2003_05_MIN_ATL,2003-10-05,ATL,MIN,09:03:09,9,3,9
2003_05_NO_CAR,2003-10-05,CAR,NO,09:02:51,9,2,51
2003_05_OAK_CHI,2003-10-05,CHI,LV,08:02:36,8,2,36
2003_05_SD_JAX,2003-10-05,JAX,LAC,12:05:45,12,5,45
2003_05_SEA_GB,2003-10-05,GB,SEA,08:04:45,8,4,45
2003_05_TEN_NE,2003-10-05,NE,TEN,09:02:31,9,2,31
2003_05_WAS_PHI,2003-10-05,PHI,WAS,12:16:10,12,16,10
2003_06_BAL_ARI,2003-10-12,ARI,BAL,09:15:43,9,15,43
2003_06_BUF_NYJ,2003-10-12,NYJ,BUF,12:15:42,12,15,42
2003_06_CAR_IND,2003-10-12,IND,CAR,08:03:12,8,3,12
2003_06_CHI_NO,2003-10-12,NO,CHI,08:03:19,8,3,19
2003_06_HOU_TEN,2003-10-12,TEN,HOU,08:13:59,8,13,59
2003_06_KC_GB,2003-10-12,GB,KC,08:03:37,8,3,37
2003_06_MIA_JAX,2003-10-12,JAX,MIA,09:02:34,9,2,34
2003_06_NYG_NE,2003-10-12,NE,NYG,09:03:00,9,3,0
2003_06_OAK_CLE,2003-10-12,CLE,LV,09:02:35,9,2,35
2003_06_PHI_DAL,2003-10-12,DAL,PHI,08:02:53,8,2,53
2003_06_PIT_DEN,2003-10-12,DEN,PIT,10:15:56,10,15,56
2003_06_TB_WAS,2003-10-12,WAS,TB,09:03:14,9,3,14
2003_07_BAL_CIN,2003-10-19,CIN,BAL,09:02:52,9,2,52
2003_07_CHI_SEA,2003-10-19,SEA,CHI,09:15:44,9,15,44
2003_07_DAL_DET,2003-10-19,DET,DAL,09:03:02,9,3,2
2003_07_DEN_MIN,2003-10-19,MIN,DEN,08:28:19,8,28,19
2003_07_GB_STL,2003-10-19,LA,GB,08:04:37,8,4,37
2003_07_KC_OAK,2003-10-20,LV,KC,15:39:58,15,39,58
2003_07_NE_MIA,2003-10-19,MIA,NE,09:03:37,9,3,37
2003_07_NO_ATL,2003-10-19,ATL,NO,09:03:23,9,3,23
2003_07_NYJ_HOU,2003-10-19,HOU,NYJ,11:05:40,11,5,40
2003_07_PHI_NYG,2003-10-19,NYG,PHI,09:01:00,9,1,0
2003_07_SD_CLE,2003-10-19,CLE,LAC,09:02:41,9,2,41
2003_07_TB_SF,2003-10-19,SF,TB,09:15:35,9,15,35
2003_07_TEN_CAR,2003-10-19,CAR,TEN,09:02:21,9,2,21
2003_07_WAS_BUF,2003-10-19,BUF,WAS,12:15:46,12,15,46
2003_08_BUF_KC,2003-10-26,KC,BUF,15:23:54,15,23,54
2003_08_CAR_NO,2003-10-26,NO,CAR,07:03:24,7,3,24
2003_08_CLE_NE,2003-10-26,NE,CLE,08:03:10,8,3,10
2003_08_DAL_TB,2003-10-26,TB,DAL,08:02:42,8,2,42
2003_08_DEN_BAL,2003-10-26,BAL,DEN,08:02:13,8,2,13
2003_08_DET_CHI,2003-10-26,CHI,DET,07:02:56,7,2,56
2003_08_HOU_IND,2003-10-26,IND,HOU,11:15:25,11,15,25
2003_08_MIA_SD,2003-10-27,LAC,MIA,14:16:04,14,16,4
2003_08_NYG_MIN,2003-10-26,MIN,NYG,07:03:26,7,3,26
2003_08_NYJ_PHI,2003-10-26,PHI,NYJ,11:15:45,11,15,45
2003_08_SEA_CIN,2003-10-26,CIN,SEA,08:02:57,8,2,57
2003_08_SF_ARI,2003-10-26,ARI,SF,09:05:51,9,5,51
2003_08_STL_PIT,2003-10-26,PIT,LA,08:03:42,8,3,42
2003_08_TEN_JAX,2003-10-26,JAX,TEN,08:02:39,8,2,39
2003_09_CAR_HOU,2003-11-02,HOU,CAR,07:02:53,7,2,53
2003_09_CIN_ARI,2003-11-02,ARI,CIN,09:05:32,9,5,32
2003_09_GB_MIN,2003-11-02,MIN,GB,14:48:14,14,48,14
2003_09_IND_MIA,2003-11-02,MIA,IND,08:02:36,8,2,36
2003_09_JAX_BAL,2003-11-02,BAL,JAX,08:02:09,8,2,9
2003_09_NE_DEN,2003-11-03,DEN,NE,14:09:02,14,9,2
2003_09_NO_TB,2003-11-02,TB,NO,08:02:22,8,2,22
2003_09_NYG_NYJ,2003-11-02,NYJ,NYG,08:03:02,8,3,2
2003_09_OAK_DET,2003-11-02,DET,LV,08:03:08,8,3,8
2003_09_PHI_ATL,2003-11-02,ATL,PHI,11:15:00,11,15,0
2003_09_PIT_SEA,2003-11-02,SEA,PIT,08:05:36,8,5,36
2003_09_SD_CHI,2003-11-02,CHI,LAC,07:02:39,7,2,39
2003_09_STL_SF,2003-11-02,SF,LA,08:17:09,8,17,9
2003_09_WAS_DAL,2003-11-02,DAL,WAS,10:16:18,10,16,18
2003_10_ARI_PIT,2003-11-09,PIT,ARI,08:03:08,8,3,8
2003_10_ATL_NYG,2003-11-09,NYG,ATL,08:12:03,8,12,3
2003_10_BAL_STL,2003-11-09,LA,BAL,14:40:14,14,40,14
2003_10_BUF_DAL,2003-11-09,DAL,BUF,10:15:44,10,15,44
2003_10_CHI_DET,2003-11-09,DET,CHI,08:03:04,8,3,4
2003_10_CLE_KC,2003-11-09,KC,CLE,07:03:18,7,3,18
2003_10_HOU_CIN,2003-11-09,CIN,HOU,08:03:00,8,3,0
2003_10_IND_JAX,2003-11-09,JAX,IND,08:02:43,8,2,43
2003_10_MIA_TEN,2003-11-09,TEN,MIA,08:21:23,8,21,23
2003_10_MIN_SD,2003-11-09,LAC,MIN,08:05:54,8,5,54
2003_10_NYJ_OAK,2003-11-09,LV,NYJ,09:15:33,9,15,33
2003_10_PHI_GB,2003-11-10,GB,PHI,15:09:45,15,9,45
2003_10_SEA_WAS,2003-11-09,WAS,SEA,08:02:38,8,2,38
2003_10_TB_CAR,2003-11-09,CAR,TB,08:03:29,8,3,29
2003_11_ARI_CLE,2003-11-16,CLE,ARI,08:03:05,8,3,5
2003_11_ATL_NO,2003-11-16,NO,ATL,07:04:27,7,4,27
2003_11_BAL_MIA,2003-11-16,MIA,BAL,08:03:02,8,3,2
2003_11_DAL_NE,2003-11-16,NE,DAL,15:37:49,15,37,49
2003_11_DET_SEA,2003-11-16,SEA,DET,08:23:10,8,23,10
2003_11_GB_TB,2003-11-16,TB,GB,11:15:29,11,15,29
2003_11_HOU_BUF,2003-11-16,BUF,HOU,08:03:00,8,3,0
2003_11_JAX_TEN,2003-11-16,TEN,JAX,07:02:23,7,2,23
2003_11_KC_CIN,2003-11-16,CIN,KC,08:03:09,8,3,9
2003_11_MIN_OAK,2003-11-16,LV,MIN,08:16:20,8,16,20
2003_11_NYG_PHI,2003-11-16,PHI,NYG,08:02:57,8,2,57
2003_11_NYJ_IND,2003-11-16,IND,NYJ,11:06:00,11,6,0
2003_11_SD_DEN,2003-11-16,DEN,LAC,09:05:33,9,5,33
2003_11_STL_CHI,2003-11-16,CHI,LA,07:03:00,7,3,0
2003_11_WAS_CAR,2003-11-16,CAR,WAS,08:03:11,8,3,11
2003_12_CAR_DAL,2003-11-23,DAL,CAR,07:03:58,7,3,58
2003_12_CHI_DEN,2003-11-23,DEN,CHI,09:05:59,9,5,59
2003_12_CIN_SD,2003-11-23,LAC,CIN,08:15:55,8,15,55
2003_12_DET_MIN,2003-11-23,MIN,DET,07:03:00,7,3,0
2003_12_IND_BUF,2003-11-23,BUF,IND,08:02:48,8,2,48
2003_12_JAX_NYJ,2003-11-23,NYJ,JAX,08:03:04,8,3,4
2003_12_NE_HOU,2003-11-23,HOU,NE,07:02:40,7,2,40
2003_12_NO_PHI,2003-11-23,PHI,NO,08:03:13,8,3,13
2003_12_OAK_KC,2003-11-23,KC,LV,10:16:19,10,16,19
2003_12_PIT_CLE,2003-11-23,CLE,PIT,08:02:43,8,2,43
2003_12_SEA_BAL,2003-11-23,BAL,SEA,08:02:46,8,2,46
2003_12_SF_GB,2003-11-23,GB,SF,07:03:18,7,3,18
2003_12_STL_ARI,2003-11-23,ARI,LA,09:05:57,9,5,57
2003_12_TEN_ATL,2003-11-23,ATL,TEN,11:15:20,11,15,20
2003_12_WAS_MIA,2003-11-23,MIA,WAS,15:37:19,15,37,19
2003_13_ARI_CHI,2003-11-30,CHI,ARI,07:03:00,7,3,0
2003_13_ATL_HOU,2003-11-30,HOU,ATL,07:03:03,7,3,3
2003_13_BUF_NYG,2003-11-30,NYG,BUF,08:02:53,8,2,53
2003_13_CIN_PIT,2003-11-30,PIT,CIN,08:03:00,8,3,0
2003_13_CLE_SEA,2003-11-30,SEA,CLE,08:15:27,8,15,27
2003_13_DEN_OAK,2003-11-30,LV,DEN,09:31:30,9,31,30
2003_13_GB_DET,2003-11-27,DET,GB,07:37:57,7,37,57
2003_13_KC_SD,2003-11-30,LAC,KC,08:15:21,8,15,21
2003_13_MIA_DAL,2003-11-27,DAL,MIA,10:16:15,10,16,15
2003_13_MIN_STL,2003-11-30,LA,MIN,08:03:13,8,3,13
2003_13_NE_IND,2003-11-30,IND,NE,08:03:07,8,3,7
2003_13_NO_WAS,2003-11-30,WAS,NO,11:06:05,11,6,5
2003_13_PHI_CAR,2003-11-30,CAR,PHI,08:02:43,8,2,43
2003_13_SF_BAL,2003-11-30,BAL,SF,08:02:23,8,2,23
2003_13_TB_JAX,2003-11-30,JAX,TB,15:36:46,15,36,46
2003_14_ARI_SF,2003-12-07,SF,ARI,08:05:20,8,5,20
2003_14_CAR_ATL,2003-12-07,ATL,CAR,15:37:22,15,37,22
2003_14_CHI_GB,2003-12-07,GB,CHI,07:03:12,7,3,12
2003_14_CIN_BAL,2003-12-07,BAL,CIN,08:02:44,8,2,44
2003_14_DAL_PHI,2003-12-07,PHI,DAL,08:03:03,8,3,3
2003_14_HOU_JAX,2003-12-07,JAX,HOU,08:02:54,8,2,54
2003_14_IND_TEN,2003-12-07,TEN,IND,07:03:00,7,3,0
2003_14_KC_DEN,2003-12-07,DEN,KC,09:15:37,9,15,37
2003_14_MIA_NE,2003-12-07,NE,MIA,11:16:01,11,16,1
2003_14_NYJ_BUF,2003-12-07,BUF,NYJ,11:15:51,11,15,51
2003_14_OAK_PIT,2003-12-07,PIT,LV,08:02:31,8,2,31
2003_14_SD_DET,2003-12-07,DET,LAC,08:03:25,8,3,25
2003_14_SEA_MIN,2003-12-07,MIN,SEA,07:49:10,7,49,10
2003_14_TB_NO,2003-12-07,NO,TB,07:03:04,7,3,4
2003_14_WAS_NYG,2003-12-07,NYG,WAS,08:03:25,8,3,25
2003_15_ATL_IND,2003-12-14,IND,ATL,08:03:16,8,3,16
2003_15_BAL_OAK,2003-12-14,LV,BAL,08:05:42,8,5,42
2003_15_BUF_TEN,2003-12-14,TEN,BUF,07:03:01,7,3,1
2003_15_CAR_ARI,2003-12-14,ARI,CAR,09:16:55,9,16,55
2003_15_CLE_DEN,2003-12-14,DEN,CLE,09:05:28,9,5,28
2003_15_DAL_WAS,2003-12-14,WAS,DAL,11:17:04,11,17,4
2003_15_DET_KC,2003-12-14,KC,DET,07:25:04,7,25,4
2003_15_GB_SD,2003-12-14,LAC,GB,08:16:38,8,16,38
2003_15_HOU_TB,2003-12-14,TB,HOU,08:03:17,8,3,17
2003_15_JAX_NE,2003-12-14,NE,JAX,08:03:04,8,3,4
2003_15_MIN_CHI,2003-12-14,CHI,MIN,07:02:54,7,2,54
2003_15_NYG_NO,2003-12-14,NO,NYG,14:36:21,14,36,21
2003_15_PIT_NYJ,2003-12-14,NYJ,PIT,08:14:56,8,14,56
2003_15_SEA_STL,2003-12-14,LA,SEA,07:03:19,7,3,19
2003_15_SF_CIN,2003-12-14,CIN,SF,08:03:09,8,3,9
2003_16_ARI_SEA,2003-12-21,SEA,ARI,08:15:30,8,15,30
2003_16_ATL_TB,2003-12-20,TB,ATL,08:35:22,8,35,22
2003_16_BAL_CLE,2003-12-21,CLE,BAL,08:02:53,8,2,53
2003_16_CIN_STL,2003-12-21,LA,CIN,07:02:51,7,2,51
2003_16_DEN_IND,2003-12-21,IND,DEN,15:36:41,15,36,41
2003_16_DET_CAR,2003-12-21,CAR,DET,08:02:56,8,2,56
2003_16_KC_MIN,2003-12-20,MIN,KC,11:17:01,11,17,1
2003_16_MIA_BUF,2003-12-21,BUF,MIA,08:02:56,8,2,56
2003_16_NE_NYJ,2003-12-20,NYJ,NE,15:37:10,15,37,10
2003_16_NO_JAX,2003-12-21,JAX,NO,08:03:40,8,3,40
2003_16_NYG_DAL,2003-12-21,DAL,NYG,07:02:45,7,2,45
2003_16_SD_PIT,2003-12-21,PIT,LAC,11:05:54,11,5,54
2003_16_SF_PHI,2003-12-21,PHI,SF,11:15:31,11,15,31
2003_16_TEN_HOU,2003-12-21,HOU,TEN,07:02:39,7,2,39
2003_16_WAS_CHI,2003-12-21,CHI,WAS,07:03:36,7,3,36
2003_17_BUF_NE,2003-12-27,NE,BUF,08:36:31,8,36,31
2003_17_CAR_NYG,2003-12-28,NYG,CAR,11:05:07,11,5,7
2003_17_CHI_KC,2003-12-28,KC,CHI,07:03:04,7,3,4
2003_17_CLE_CIN,2003-12-28,CIN,CLE,08:02:35,8,2,35
2003_17_DAL_NO,2003-12-28,NO,DAL,07:03:00,7,3,0
2003_17_DEN_GB,2003-12-28,GB,DEN,10:16:15,10,16,15
2003_17_IND_HOU,2003-12-28,HOU,IND,07:03:14,7,3,14
2003_17_JAX_ATL,2003-12-28,ATL,JAX,08:03:09,8,3,9
2003_17_MIN_ARI,2003-12-28,ARI,MIN,09:05:40,9,5,40
2003_17_NYJ_MIA,2003-12-28,MIA,NYJ,08:03:01,8,3,1
2003_17_OAK_SD,2003-12-28,LAC,LV,08:16:11,8,16,11
2003_17_PHI_WAS,2003-12-27,WAS,PHI,15:36:44,15,36,44
2003_17_PIT_BAL,2003-12-28,BAL,PIT,15:37:05,15,37,5
2003_17_SEA_SF,2003-12-27,SF,SEA,09:15:50,9,15,50
2003_17_STL_DET,2003-12-28,DET,LA,08:03:20,8,3,20
2003_17_TB_TEN,2003-12-28,TEN,TB,07:03:34,7,3,34
2003_18_DAL_CAR,2004-01-03,CAR,DAL,15:09:19,15,9,19
2003_18_DEN_IND,2004-01-04,IND,DEN,11:48:22,11,48,22
2003_18_SEA_GB,2004-01-04,GB,SEA,07:04:57,7,4,57
2003_18_TEN_BAL,2004-01-03,BAL,TEN,11:38:13,11,38,13
2003_19_CAR_STL,2004-01-10,LA,CAR,10:36:07,10,36,7
2003_19_GB_PHI,2004-01-11,PHI,GB,11:46:37,11,46,37
2003_19_IND_KC,2004-01-11,KC,IND,07:06:41,7,6,41
2003_19_TEN_NE,2004-01-10,NE,TEN,15:15:51,15,15,51
2003_20_IND_NE,2004-01-18,NE,IND,10:06:04,10,6,4
2003_21_CAR_NE,2004-02-01,NE,CAR,12:28:08,12,28,8
2004_01_ARI_STL,2004-09-12,LA,ARI,08:06:02,8,6,2
2004_01_ATL_SF,2004-09-12,SF,ATL,09:19:42,9,19,42
2004_01_BAL_CLE,2004-09-12,CLE,BAL,09:07:44,9,7,44
2004_01_CIN_NYJ,2004-09-12,NYJ,CIN,09:07:23,9,7,23
2004_01_DAL_MIN,2004-09-12,MIN,DAL,11:19:24,11,19,24
2004_01_DET_CHI,2004-09-12,CHI,DET,08:06:38,8,6,38
2004_01_GB_CAR,2004-09-13,CAR,GB,17:09:31,17,9,31
2004_01_IND_NE,2004-09-09,NE,IND,17:09:09,17,9,9
2004_01_JAX_BUF,2004-09-12,BUF,JAX,09:06:27,9,6,27
2004_01_KC_DEN,2004-09-12,DEN,KC,14:39:29,14,39,29
2004_01_NYG_PHI,2004-09-12,PHI,NYG,12:21:34,12,21,34
2004_01_OAK_PIT,2004-09-12,PIT,LV,09:05:36,9,5,36
2004_01_SD_HOU,2004-09-12,HOU,LAC,08:05:35,8,5,35
2004_01_SEA_NO,2004-09-12,NO,SEA,08:06:19,8,6,19
2004_01_TB_WAS,2004-09-12,WAS,TB,09:14:59,9,14,59
2004_01_TEN_MIA,2004-09-11,MIA,TEN,09:07:18,9,7,18
2004_02_BUF_OAK,2004-09-19,LV,BUF,09:15:58,9,15,58
2004_02_CAR_KC,2004-09-19,KC,CAR,08:02:52,8,2,52
2004_02_CHI_GB,2004-09-19,GB,CHI,08:02:38,8,2,38
2004_02_CLE_DAL,2004-09-19,DAL,CLE,11:15:37,11,15,37
2004_02_DEN_JAX,2004-09-19,JAX,DEN,09:02:40,9,2,40
2004_02_HOU_DET,2004-09-19,DET,HOU,09:03:57,9,3,57
2004_02_IND_TEN,2004-09-19,TEN,IND,08:02:54,8,2,54
2004_02_MIN_PHI,2004-09-20,PHI,MIN,17:09:16,17,9,16
2004_02_NE_ARI,2004-09-19,ARI,NE,09:15:30,9,15,30
2004_02_NYJ_SD,2004-09-19,LAC,NYJ,09:15:33,9,15,33
2004_02_PIT_BAL,2004-09-19,BAL,PIT,09:02:24,9,2,24
2004_02_SEA_TB,2004-09-19,TB,SEA,12:05:14,12,5,14
2004_02_SF_NO,2004-09-19,NO,SF,08:03:18,8,3,18
2004_02_STL_ATL,2004-09-19,ATL,LA,09:03:27,9,3,27
2004_02_WAS_NYG,2004-09-19,NYG,WAS,09:04:03,9,4,3
2004_03_ARI_ATL,2004-09-26,ATL,ARI,09:18:07,9,18,7
2004_03_BAL_CIN,2004-09-26,CIN,BAL,09:02:54,9,2,54
2004_03_CHI_MIN,2004-09-26,MIN,CHI,08:14:38,8,14,38
2004_03_CLE_NYG,2004-09-26,NYG,CLE,09:17:00,9,17,0
2004_03_DAL_WAS,2004-09-27,WAS,DAL,17:09:23,17,9,23
2004_03_GB_IND,2004-09-26,IND,GB,11:15:03,11,15,3
2004_03_HOU_KC,2004-09-26,KC,HOU,08:02:14,8,2,14
2004_03_JAX_TEN,2004-09-26,TEN,JAX,08:02:24,8,2,24
2004_03_NO_STL,2004-09-26,LA,NO,08:03:17,8,3,17
2004_03_PHI_DET,2004-09-26,DET,PHI,09:03:03,9,3,3
2004_03_SD_DEN,2004-09-26,DEN,LAC,10:05:35,10,5,35
2004_03_SF_SEA,2004-09-26,SEA,SF,09:16:06,9,16,6
2004_04_ATL_CAR,2004-10-03,CAR,ATL,12:05:09,12,5,9
2004_04_CIN_PIT,2004-10-03,PIT,CIN,09:02:05,9,2,5
2004_04_DEN_TB,2004-10-03,TB,DEN,12:15:05,12,15,5
2004_04_IND_JAX,2004-10-03,JAX,IND,09:02:40,9,2,40
2004_04_KC_BAL,2004-10-04,BAL,KC,17:08:46,17,8,46
2004_04_NE_BUF,2004-10-03,BUF,NE,09:03:15,9,3,15
2004_04_NO_ARI,2004-10-03,ARI,NO,09:05:17,9,5,17
2004_04_NYG_GB,2004-10-03,GB,NYG,08:03:49,8,3,49
2004_04_NYJ_MIA,2004-10-03,MIA,NYJ,12:15:05,12,15,5
2004_04_OAK_HOU,2004-10-03,HOU,LV,08:02:02,8,2,2
2004_04_PHI_CHI,2004-10-03,CHI,PHI,08:03:08,8,3,8
2004_04_TEN_SD,2004-10-03,LAC,TEN,09:15:01,9,15,1
2004_04_WAS_CLE,2004-10-03,CLE,WAS,09:02:38,9,2,38
2004_05_ARI_SF,2004-10-10,SF,ARI,09:15:18,9,15,18
2004_05_BUF_NYJ,2004-10-10,NYJ,BUF,12:06:30,12,6,30
2004_05_CAR_DEN,2004-10-10,DEN,CAR,10:15:24,10,15,24
2004_05_CLE_PIT,2004-10-10,PIT,CLE,09:02:29,9,2,29
2004_05_DET_ATL,2004-10-10,ATL,DET,09:03:05,9,3,5
2004_05_JAX_SD,2004-10-10,LAC,JAX,09:05:09,9,5,9
2004_05_MIA_NE,2004-10-10,NE,MIA,09:02:51,9,2,51
2004_05_MIN_HOU,2004-10-10,HOU,MIN,08:02:36,8,2,36
2004_05_NYG_DAL,2004-10-10,DAL,NYG,08:03:12,8,3,12
2004_05_OAK_IND,2004-10-10,IND,LV,08:02:27,8,2,27
2004_05_STL_SEA,2004-10-10,SEA,LA,09:15:29,9,15,29
2004_05_TB_NO,2004-10-10,NO,TB,08:03:46,8,3,46
2004_06_CAR_PHI,2004-10-17,PHI,CAR,09:04:18,9,4,18
2004_06_CIN_CLE,2004-10-17,CLE,CIN,09:02:33,9,2,33
2004_06_DEN_OAK,2004-10-17,LV,DEN,10:38:00,10,38,0
2004_06_GB_DET,2004-10-17,DET,GB,09:03:00,9,3,0
2004_06_HOU_TEN,2004-10-17,TEN,HOU,08:02:14,8,2,14
2004_06_KC_JAX,2004-10-17,JAX,KC,09:02:09,9,2,9
2004_06_MIA_BUF,2004-10-17,BUF,MIA,09:03:10,9,3,10
2004_06_MIN_NO,2004-10-17,NO,MIN,15:36:06,15,36,6
2004_06_PIT_DAL,2004-10-17,DAL,PIT,11:15:25,11,15,25
2004_06_SD_ATL,2004-10-17,ATL,LAC,09:02:28,9,2,28
2004_06_SEA_NE,2004-10-17,NE,SEA,09:02:25,9,2,25
2004_06_SF_NYJ,2004-10-17,NYJ,SF,09:02:51,9,2,51
2004_06_WAS_CHI,2004-10-17,CHI,WAS,08:02:44,8,2,44
2004_07_ATL_KC,2004-10-24,KC,ATL,08:02:25,8,2,25
2004_07_BUF_BAL,2004-10-24,BAL,BUF,09:02:22,9,2,22
2004_07_CHI_TB,2004-10-24,TB,CHI,09:02:55,9,2,55
2004_07_DAL_GB,2004-10-24,GB,DAL,11:14:48,11,14,48
2004_07_DEN_CIN,2004-10-25,CIN,DEN,17:09:17,17,9,17
2004_07_DET_NYG,2004-10-24,NYG,DET,09:13:35,9,13,35
2004_07_JAX_IND,2004-10-24,IND,JAX,08:02:29,8,2,29
2004_07_NO_OAK,2004-10-24,LV,NO,09:15:36,9,15,36
2004_07_NYJ_NE,2004-10-24,NE,NYJ,12:05:58,12,5,58
2004_07_PHI_CLE,2004-10-24,CLE,PHI,09:02:49,9,2,49
2004_07_SD_CAR,2004-10-24,CAR,LAC,09:02:23,9,2,23
2004_07_SEA_ARI,2004-10-24,ARI,SEA,09:15:28,9,15,28
2004_07_STL_MIA,2004-10-24,MIA,LA,09:02:23,9,2,23
2004_07_TEN_MIN,2004-10-24,MIN,TEN,09:01:50,9,1,50
2004_08_ARI_BUF,2004-10-31,BUF,ARI,08:04:02,8,4,2
2004_08_ATL_DEN,2004-10-31,DEN,ATL,09:05:55,9,5,55
2004_08_BAL_PHI,2004-10-31,PHI,BAL,08:03:00,8,3,0
2004_08_CAR_SEA,2004-10-31,SEA,CAR,08:05:47,8,5,47
2004_08_CIN_TEN,2004-10-31,TEN,CIN,07:03:05,7,3,5
2004_08_DET_DAL,2004-10-31,DAL,DET,07:02:54,7,2,54
2004_08_GB_WAS,2004-10-31,WAS,GB,08:03:43,8,3,43
2004_08_IND_KC,2004-10-31,KC,IND,07:02:53,7,2,53
2004_08_JAX_HOU,2004-10-31,HOU,JAX,07:02:42,7,2,42
2004_08_NE_PIT,2004-10-31,PIT,NE,11:15:54,11,15,54
2004_08_NYG_MIN,2004-10-31,MIN,NYG,07:02:42,7,2,42
2004_08_OAK_SD,2004-10-31,LAC,LV,08:15:41,8,15,41
2004_08_SF_CHI,2004-10-31,CHI,SF,14:36:13,14,36,13
2004_09_ARI_MIA,2004-11-07,MIA,ARI,08:02:35,8,2,35
2004_09_CHI_NYG,2004-11-07,NYG,CHI,11:26:06,11,26,6
2004_09_CLE_BAL,2004-11-07,BAL,CLE,15:36:16,15,36,16
2004_09_DAL_CIN,2004-11-07,CIN,DAL,08:02:55,8,2,55
2004_09_HOU_DEN,2004-11-07,DEN,HOU,09:15:49,9,15,49
2004_09_KC_TB,2004-11-07,TB,KC,08:02:40,8,2,40
2004_09_NE_STL,2004-11-07,LA,NE,10:16:00,10,16,0
2004_09_NO_SD,2004-11-07,LAC,NO,08:05:41,8,5,41
2004_09_NYJ_BUF,2004-11-07,BUF,NYJ,08:03:14,8,3,14
2004_09_OAK_CAR,2004-11-07,CAR,LV,08:03:00,8,3,0
2004_09_PHI_PIT,2004-11-07,PIT,PHI,08:03:30,8,3,30
2004_09_SEA_SF,2004-11-07,SF,SEA,08:05:41,8,5,41
2004_09_WAS_DET,2004-11-07,DET,WAS,08:03:52,8,3,52
2004_10_BAL_NYJ,2004-11-14,NYJ,BAL,08:02:53,8,2,53
2004_10_BUF_NE,2004-11-14,NE,BUF,15:36:57,15,36,57
2004_10_CAR_SF,2004-11-14,SF,CAR,08:15:41,8,15,41
2004_10_CHI_TEN,2004-11-14,TEN,CHI,07:03:49,7,3,49
2004_10_CIN_WAS,2004-11-14,WAS,CIN,11:05:44,11,5,44
2004_10_DET_JAX,2004-11-14,JAX,DET,08:04:52,8,4,52
2004_10_HOU_IND,2004-11-14,IND,HOU,08:02:44,8,2,44
2004_10_KC_NO,2004-11-14,NO,KC,07:02:50,7,2,50
2004_10_MIN_GB,2004-11-14,GB,MIN,10:15:19,10,15,19
2004_10_NYG_ARI,2004-11-14,ARI,NYG,09:15:49,9,15,49
2004_10_PHI_DAL,2004-11-15,DAL,PHI,15:09:38,15,9,38
2004_10_PIT_CLE,2004-11-14,CLE,PIT,08:03:37,8,3,37
2004_10_SEA_STL,2004-11-14,LA,SEA,07:03:18,7,3,18
2004_10_TB_ATL,2004-11-14,ATL,TB,08:03:31,8,3,31
2004_11_ARI_CAR,2004-11-21,CAR,ARI,08:02:48,8,2,48
2004_11_ATL_NYG,2004-11-21,NYG,ATL,11:15:56,11,15,56
2004_11_DAL_BAL,2004-11-21,BAL,DAL,08:03:01,8,3,1
2004_11_DEN_NO,2004-11-21,NO,DEN,07:03:08,7,3,8
2004_11_DET_MIN,2004-11-21,MIN,DET,08:03:21,8,3,21
2004_11_GB_HOU,2004-11-21,HOU,GB,14:36:53,14,36,53
2004_11_IND_CHI,2004-11-21,CHI,IND,07:02:26,7,2,26
2004_11_MIA_SEA,2004-11-21,SEA,MIA,08:05:30,8,5,30
2004_11_NE_KC,2004-11-22,KC,NE,15:08:29,15,8,29
2004_11_NYJ_CLE,2004-11-21,CLE,NYJ,08:03:03,8,3,3
2004_11_PIT_CIN,2004-11-21,CIN,PIT,08:03:01,8,3,1
2004_11_SD_OAK,2004-11-21,LV,LAC,08:05:45,8,5,45
2004_11_SF_TB,2004-11-21,TB,SF,08:53:45,8,53,45
2004_11_STL_BUF,2004-11-21,BUF,LA,08:03:24,8,3,24
2004_11_TEN_JAX,2004-11-21,JAX,TEN,08:02:39,8,2,39
2004_11_WAS_PHI,2004-11-21,PHI,WAS,11:16:04,11,16,4
2004_12_BAL_NE,2004-11-28,NE,BAL,11:16:08,11,16,8
2004_12_BUF_SEA,2004-11-28,SEA,BUF,08:15:42,8,15,42
2004_12_CHI_DAL,2004-11-25,DAL,CHI,10:37:07,10,37,7
2004_12_CLE_CIN,2004-11-28,CIN,CLE,08:02:40,8,2,40
2004_12_IND_DET,2004-11-25,DET,IND,07:38:33,7,38,33
2004_12_JAX_MIN,2004-11-28,MIN,JAX,08:03:09,8,3,9
2004_12_MIA_SF,2004-11-28,SF,MIA,08:15:49,8,15,49
2004_12_NO_ATL,2004-11-28,ATL,NO,11:06:02,11,6,2
2004_12_NYJ_ARI,2004-11-28,ARI,NYJ,09:16:01,9,16,1
2004_12_PHI_NYG,2004-11-28,NYG,PHI,08:02:46,8,2,46
2004_12_SD_KC,2004-11-28,KC,LAC,07:03:02,7,3,2
2004_12_STL_GB,2004-11-29,GB,LA,15:09:19,15,9,19
2004_12_TB_CAR,2004-11-28,CAR,TB,08:04:02,8,4,2
2004_12_TEN_HOU,2004-11-28,HOU,TEN,07:02:53,7,2,53
2004_12_WAS_PIT,2004-11-28,PIT,WAS,08:03:38,8,3,38
2004_13_ARI_DET,2004-12-05,DET,ARI,08:03:28,8,3,28
2004_13_ATL_TB,2004-12-05,TB,ATL,08:03:15,8,3,15
2004_13_BUF_MIA,2004-12-05,MIA,BUF,08:03:05,8,3,5
2004_13_CAR_NO,2004-12-05,NO,CAR,07:03:26,7,3,26
2004_13_CIN_BAL,2004-12-05,BAL,CIN,08:03:02,8,3,2
2004_13_DEN_SD,2004-12-05,LAC,DEN,08:05:53,8,5,53
2004_13_GB_PHI,2004-12-05,PHI,GB,11:15:49,11,15,49
2004_13_HOU_NYJ,2004-12-05,NYJ,HOU,08:02:51,8,2,51
2004_13_KC_OAK,2004-12-05,LV,KC,08:14:28,8,14,28
2004_13_MIN_CHI,2004-12-05,CHI,MIN,07:03:09,7,3,9
2004_13_NE_CLE,2004-12-05,CLE,NE,08:02:51,8,2,51
2004_13_NYG_WAS,2004-12-05,WAS,NYG,11:15:54,11,15,54
2004_13_PIT_JAX,2004-12-05,JAX,PIT,15:36:57,15,36,57
2004_13_SF_STL,2004-12-05,LA,SF,07:02:51,7,2,51
2004_13_TEN_IND,2004-12-05,IND,TEN,08:02:43,8,2,43
2004_14_CHI_JAX,2004-12-12,JAX,CHI,08:03:08,8,3,8
2004_14_CIN_NE,2004-12-12,NE,CIN,08:03:05,8,3,5
2004_14_CLE_BUF,2004-12-12,BUF,CLE,08:03:26,8,3,26
2004_14_DET_GB,2004-12-12,GB,DET,10:15:32,10,15,32
2004_14_IND_HOU,2004-12-12,HOU,IND,07:02:34,7,2,34
2004_14_KC_TEN,2004-12-13,TEN,KC,15:08:02,15,8,2
2004_14_MIA_DEN,2004-12-12,DEN,MIA,09:05:42,9,5,42
2004_14_NO_DAL,2004-12-12,DAL,NO,07:03:41,7,3,41
2004_14_NYG_BAL,2004-12-12,BAL,NYG,08:03:36,8,3,36
2004_14_NYJ_PIT,2004-12-12,PIT,NYJ,11:37:35,11,37,35
2004_14_OAK_ATL,2004-12-12,ATL,LV,08:03:03,8,3,3
2004_14_PHI_WAS,2004-12-12,WAS,PHI,15:37:05,15,37,5
2004_14_SEA_MIN,2004-12-12,MIN,SEA,08:03:26,8,3,26
2004_14_SF_ARI,2004-12-12,ARI,SF,09:15:27,9,15,27
2004_14_STL_CAR,2004-12-12,CAR,LA,11:15:45,11,15,45
2004_14_TB_SD,2004-12-12,LAC,TB,08:15:32,8,15,32
2004_15_BAL_IND,2004-12-19,IND,BAL,15:37:28,15,37,28
2004_15_BUF_CIN,2004-12-19,CIN,BUF,08:03:32,8,3,32
2004_15_CAR_ATL,2004-12-18,ATL,CAR,15:36:54,15,36,54
2004_15_DAL_PHI,2004-12-19,PHI,DAL,08:02:48,8,2,48
2004_15_DEN_KC,2004-12-19,KC,DEN,07:03:09,7,3,9
2004_15_HOU_CHI,2004-12-19,CHI,HOU,07:02:42,7,2,42
2004_15_JAX_GB,2004-12-19,GB,JAX,10:16:05,10,16,5
2004_15_MIN_DET,2004-12-19,DET,MIN,08:03:09,8,3,9
2004_15_NO_TB,2004-12-19,TB,NO,11:05:37,11,5,37
2004_15_PIT_NYG,2004-12-18,NYG,PIT,08:37:12,8,37,12
2004_15_SD_CLE,2004-12-19,CLE,LAC,08:03:01,8,3,1
2004_15_SEA_NYJ,2004-12-19,NYJ,SEA,08:02:56,8,2,56
2004_15_STL_ARI,2004-12-19,ARI,LA,09:05:47,9,5,47
2004_15_TEN_OAK,2004-12-19,LV,TEN,08:28:37,8,28,37
2004_15_WAS_SF,2004-12-18,SF,WAS,09:16:07,9,16,7
2004_16_ARI_SEA,2004-12-26,SEA,ARI,08:15:50,8,15,50
2004_16_ATL_NO,2004-12-26,NO,ATL,07:03:07,7,3,7
2004_16_BAL_PIT,2004-12-26,PIT,BAL,08:02:55,8,2,55
2004_16_BUF_SF,2004-12-26,SF,BUF,08:06:34,8,6,34
2004_16_CAR_TB,2004-12-26,TB,CAR,11:15:52,11,15,52
2004_16_CHI_DET,2004-12-26,DET,CHI,08:03:14,8,3,14
2004_16_CLE_MIA,2004-12-26,MIA,CLE,15:37:31,15,37,31
2004_16_DEN_TEN,2004-12-25,TEN,DEN,14:36:22,14,36,22
2004_16_GB_MIN,2004-12-24,MIN,GB,09:06:36,9,6,36
2004_16_HOU_JAX,2004-12-26,JAX,HOU,08:03:13,8,3,13
2004_16_NE_NYJ,2004-12-26,NYJ,NE,11:05:44,11,5,44
2004_16_NYG_CIN,2004-12-26,CIN,NYG,08:03:26,8,3,26
2004_16_OAK_KC,2004-12-25,KC,LV,11:06:38,11,6,38
2004_16_PHI_STL,2004-12-27,LA,PHI,15:11:43,15,11,43
2004_16_SD_IND,2004-12-26,IND,LAC,08:03:00,8,3,0
2004_16_WAS_DAL,2004-12-26,DAL,WAS,10:15:46,10,15,46
2004_17_ATL_SEA,2005-01-02,SEA,ATL,08:06:06,8,6,6
2004_17_CIN_PHI,2005-01-02,PHI,CIN,08:05:09,8,5,9
2004_17_CLE_HOU,2005-01-02,HOU,CLE,07:03:03,7,3,3
2004_17_DAL_NYG,2005-01-02,NYG,DAL,15:36:16,15,36,16
2004_17_DET_TEN,2005-01-02,TEN,DET,07:03:33,7,3,33
2004_17_GB_CHI,2005-01-02,CHI,GB,07:03:30,7,3,30
2004_17_IND_DEN,2005-01-02,DEN,IND,09:15:52,9,15,52
2004_17_JAX_OAK,2005-01-02,LV,JAX,09:16:04,9,16,4
2004_17_KC_SD,2005-01-02,LAC,KC,08:15:42,8,15,42
2004_17_MIA_BAL,2005-01-02,BAL,MIA,08:06:45,8,6,45
2004_17_MIN_WAS,2005-01-02,WAS,MIN,08:04:04,8,4,4
2004_17_NO_CAR,2005-01-02,CAR,NO,08:03:35,8,3,35
2004_17_NYJ_STL,2005-01-02,LA,NYJ,07:03:15,7,3,15
2004_17_PIT_BUF,2005-01-02,BUF,PIT,08:03:05,8,3,5
2004_17_SF_NE,2005-01-02,NE,SF,08:02:46,8,2,46
2004_17_TB_ARI,2005-01-02,ARI,TB,09:05:46,9,5,46
2004_18_DEN_IND,2005-01-09,IND,DEN,08:07:25,8,7,25
2004_18_MIN_GB,2005-01-09,GB,MIN,10:40:08,10,40,8
2004_18_NYJ_SD,2005-01-08,LAC,NYJ,12:14:47,12,14,47
2004_18_STL_SEA,2005-01-08,SEA,LA,08:37:26,8,37,26
2004_19_IND_NE,2005-01-16,NE,IND,11:46:32,11,46,32
2004_19_MIN_PHI,2005-01-16,PHI,MIN,08:05:52,8,5,52
2004_19_NYJ_PIT,2005-01-15,PIT,NYJ,11:37:06,11,37,6
2004_19_STL_ATL,2005-01-15,ATL,LA,15:23:45,15,23,45
2004_20_ATL_PHI,2005-01-23,PHI,ATL,10:08:29,10,8,29
2005_01_NO_CAR,2005-09-11,CAR,NO,15:10:02,15,10,2
2005_01_NYJ_KC,2005-09-11,KC,NYJ,12:06:40,12,6,40
2005_01_OAK_NE,2005-09-08,NE,LV,21:07:44,21,7,44
2005_01_PHI_ATL,2005-09-12,ATL,PHI,21:10:13,21,10,13
2005_02_NYG_NO,2005-09-19,NO,NYG,19:36:28,19,36,28
2005_02_WAS_DAL,2005-09-19,DAL,WAS,21:08:26,21,8,26
2005_03_KC_DEN,2005-09-26,DEN,KC,21:07:52,21,7,52
2005_04_BUF_NO,2005-10-02,NO,BUF,12:03:28,12,3,28
2005_04_GB_CAR,2005-10-03,CAR,GB,21:07:30,21,7,30
2005_04_PHI_KC,2005-10-02,KC,PHI,15:15:07,15,15,7
2005_05_PHI_DAL,2005-10-09,DAL,PHI,15:15:47,15,15,47
2005_05_PIT_SD,2005-10-10,LAC,PIT,21:07:43,21,7,43
2005_06_MIN_CHI,2005-10-16,CHI,MIN,08:03:00,8,3,0
2005_06_NYG_DAL,2005-10-16,DAL,NYG,12:02:46,12,2,46
2005_06_STL_IND,2005-10-17,IND,LA,21:08:06,21,8,6
2005_07_KC_MIA,2005-10-21,MIA,KC,19:05:19,19,5,19
2005_07_NYJ_ATL,2005-10-24,ATL,NYJ,21:07:53,21,7,53
2005_08_ARI_DAL,2005-10-30,DAL,ARI,12:03:17,12,3,17
2005_08_BAL_PIT,2005-10-31,PIT,BAL,21:08:00,21,8,0
2005_09_IND_NE,2005-11-07,NE,IND,21:08:00,21,8,0
2005_10_DAL_PHI,2005-11-14,PHI,DAL,21:08:12,21,8,12
2005_10_WAS_TB,2005-11-13,TB,WAS,11:15:45,11,15,45
2005_11_MIN_GB,2005-11-21,GB,MIN,21:07:34,21,7,34
2005_12_ATL_DET,2005-11-24,DET,ATL,12:40:38,12,40,38
2005_12_PIT_IND,2005-11-28,IND,PIT,21:08:14,21,8,14
2005_13_SEA_PHI,2005-12-05,PHI,SEA,21:08:08,21,8,8
2005_14_NO_ATL,2005-12-12,ATL,NO,21:08:39,21,8,39
2005_15_GB_BAL,2005-12-19,BAL,GB,21:19:18,21,19,18
2005_15_KC_NYG,2005-12-17,NYG,KC,17:11:35,17,11,35
2005_16_CHI_GB,2005-12-25,GB,CHI,17:12:40,17,12,40
2005_16_NE_NYJ,2005-12-26,NYJ,NE,21:09:15,21,9,15
2005_20_CAR_SEA,2006-01-22,SEA,CAR,18:47:03,18,47,3
2005_20_PIT_DEN,2006-01-22,DEN,PIT,15:08:15,15,8,15
2005_21_SEA_PIT,2006-02-05,PIT,SEA,18:27:23,18,27,23
2006_01_MIN_WAS,2006-09-11,WAS,MIN,19:11:27,19,11,27
2006_01_SD_OAK,2006-09-11,LV,LAC,22:25:26,22,25,26
2006_11_STL_CAR,2006-11-19,CAR,LA,14:04:22,14,4,22
2006_12_MIA_DET,2006-11-23,DET,MIA,12:39:02,12,39,2
2006_12_PIT_BAL,2006-11-26,BAL,PIT,14:01:01,14,1,1
2006_15_CLE_BAL,2006-12-17,BAL,CLE,19:00:00,19,0,0
2006_16_PHI_DAL,2006-12-25,DAL,PHI,17:08:01,17,8,1
2006_20_NE_IND,2007-01-21,IND,NE,18:44:04,18,44,4
2006_20_NO_CHI,2007-01-21,CHI,NO,15:06:20,15,6,20
2006_21_IND_CHI,2007-02-04,CHI,IND,18:27:17,18,27,17
2007_01_ARI_SF,2007-09-10,SF,ARI,22:25:45,22,25,45
2007_01_BAL_CIN,2007-09-10,CIN,BAL,19:10:19,19,10,19
2007_03_ARI_BAL,2007-09-23,BAL,ARI,14:04:25,14,4,25
2007_08_BUF_NYJ,2007-10-28,NYJ,BUF,17:05:36,17,5,36
2007_08_NO_SF,2007-10-28,SF,NO,17:18:01,17,18,1
2007_10_CIN_BAL,2007-11-11,BAL,CIN,17:17:44,17,17,44
2007_12_GB_DET,2007-11-22,DET,GB,12:36:42,12,36,42
2007_13_NE_BAL,2007-12-03,BAL,NE,21:46:43,21,46,43
2007_14_IND_BAL,2007-12-09,BAL,IND,19:00:00,19,0,0
2007_17_PIT_BAL,2007-12-30,BAL,PIT,17:10:38,17,10,38
2007_20_NYG_GB,2008-01-20,GB,NYG,18:44:27,18,44,27
2007_20_SD_NE,2008-01-20,NE,LAC,15:05:17,15,5,17
2007_21_NYG_NE,2008-02-03,NE,NYG,18:30:36,18,30,36
2008_01_CIN_BAL,2008-09-07,BAL,CIN,14:26:03,14,26,3
2008_01_DEN_OAK,2008-09-08,LV,DEN,22:23:21,22,23,21
2008_01_MIN_GB,2008-09-08,GB,MIN,19:10:32,19,10,32
2008_01_WAS_NYG,2008-09-04,NYG,WAS,19:07:39,19,7,39
2008_03_CLE_BAL,2008-09-21,BAL,CLE,19:00:00,19,0,0
2008_05_TEN_BAL,2008-10-05,BAL,TEN,19:00:00,19,0,0
2008_06_STL_WAS,2008-10-12,WAS,LA,19:00:00,19,0,0
2008_08_BUF_MIA,2008-10-26,MIA,BUF,14:05:22,14,5,22
2008_08_CIN_HOU,2008-10-26,HOU,CIN,17:05:37,17,5,37
2008_08_OAK_BAL,2008-10-26,BAL,LV,19:00:00,19,0,0
2008_08_SEA_SF,2008-10-26,SF,SEA,17:15:25,17,15,25
2008_08_WAS_DET,2008-10-26,DET,WAS,14:03:05,14,3,5
2008_13_DEN_NYJ,2008-11-30,NYJ,DEN,19:00:00,19,0,0
2008_13_TEN_DET,2008-11-27,DET,TEN,12:37:57,12,37,57
2008_14_WAS_BAL,2008-12-07,BAL,WAS,19:00:00,19,0,0
2008_15_PIT_BAL,2008-12-14,BAL,PIT,19:00:00,19,0,0
2008_17_JAX_BAL,2008-12-28,BAL,JAX,19:00:00,19,0,0
2008_17_MIA_NYJ,2008-12-28,NYJ,MIA,17:16:18,17,16,18
2008_20_BAL_PIT,2009-01-18,PIT,BAL,18:43:38,18,43,38
2008_20_PHI_ARI,2009-01-18,ARI,PHI,15:06:47,15,6,47
2008_21_PIT_ARI,2009-02-01,ARI,PIT,18:31:55,18,31,55
2009_01_BUF_NE,2009-09-14,NE,BUF,19:11:25,19,11,25
2009_01_KC_BAL,2009-09-13,BAL,KC,19:00:00,19,0,0
2009_01_SD_OAK,2009-09-14,LV,LAC,22:20:57,22,20,57
2009_03_CLE_BAL,2009-09-27,BAL,CLE,10:13:02,10,13,2
2009_05_CIN_BAL,2009-10-11,BAL,CIN,19:00:00,19,0,0
2009_06_CHI_ATL,2009-10-18,ATL,CHI,21:08:20,21,8,20
2009_08_DEN_BAL,2009-11-01,BAL,DEN,19:00:00,19,0,0
2009_11_IND_BAL,2009-11-22,BAL,IND,15:37:08,15,37,8
2009_12_GB_DET,2009-11-26,DET,GB,12:35:33,12,35,33
2009_12_PIT_BAL,2009-11-29,BAL,PIT,19:00:00,19,0,0
2009_14_DET_BAL,2009-12-13,BAL,DET,19:00:00,19,0,0
2009_15_CHI_BAL,2009-12-20,BAL,CHI,19:00:00,19,0,0
2009_15_MIN_CAR,2009-12-20,CAR,MIN,21:11:08,21,11,8
2009_16_DAL_WAS,2009-12-27,WAS,DAL,21:26:46,21,26,46
2009_16_SD_TEN,2009-12-25,TEN,LAC,19:34:21,19,34,21
2009_20_MIN_NO,2010-01-24,NO,MIN,18:45:36,18,45,36
2009_20_NYJ_IND,2010-01-24,IND,NYJ,15:05:37,15,5,37
2009_21_NO_IND,2010-02-07,IND,NO,18:31:08,18,31,8
2010_01_BAL_NYJ,2010-09-13,NYJ,BAL,19:26:37,19,26,37
2010_01_SD_KC,2010-09-13,KC,LAC,22:20:47,22,20,47
2010_03_CLE_BAL,2010-09-26,BAL,CLE,19:00:00,19,0,0
2010_05_DEN_BAL,2010-10-10,BAL,DEN,19:00:00,19,0,0
2010_05_MIN_NYJ,2010-10-11,NYJ,MIN,21:15:41,21,15,41
2010_07_BUF_BAL,2010-10-24,BAL,BUF,14:33:25,14,33,25
2010_09_MIA_BAL,2010-11-07,BAL,MIA,19:00:00,19,0,0
2010_12_NE_DET,2010-11-25,DET,NE,12:38:19,12,38,19
2010_12_TB_BAL,2010-11-28,BAL,TB,19:00:00,19,0,0
2010_13_PIT_BAL,2010-12-05,BAL,PIT,19:00:00,19,0,0
2010_14_NYG_MIN,2010-12-13,MIN,NYG,19:20:11,19,20,11
2010_15_NO_BAL,2010-12-19,BAL,NO,19:00:00,19,0,0
2010_16_DAL_ARI,2010-12-25,ARI,DAL,19:40:31,19,40,31
2010_17_CIN_BAL,2011-01-02,BAL,CIN,19:00:00,19,0,0
2010_20_GB_CHI,2011-01-23,CHI,GB,15:06:00,15,6,0
2010_20_NYJ_PIT,2011-01-23,PIT,NYJ,18:41:49,18,41,49
2010_21_PIT_GB,2011-02-06,GB,PIT,18:34:08,18,34,8
2011_01_NE_MIA,2011-09-12,MIA,NE,19:13:27,19,13,27
2011_01_OAK_DEN,2011-09-12,DEN,LV,22:26:23,22,26,23
2011_01_PIT_BAL,2011-09-11,BAL,PIT,19:00:00,19,0,0
2011_04_NYJ_BAL,2011-10-02,BAL,NYJ,19:00:00,19,0,0
2011_06_HOU_BAL,2011-10-16,BAL,HOU,19:00:00,19,0,0
2011_08_ARI_BAL,2011-10-30,BAL,ARI,19:00:00,19,0,0
2011_11_CIN_BAL,2011-11-20,BAL,CIN,19:00:00,19,0,0
2011_12_GB_DET,2011-11-24,DET,GB,12:35:48,12,35,48
2011_12_SF_BAL,2011-11-24,BAL,SF,19:00:00,19,0,0
2011_14_IND_BAL,2011-12-11,BAL,IND,19:00:00,19,0,0
2011_15_PIT_SF,2011-12-19,SF,PIT,21:00:10,21,0,10
2011_16_CLE_BAL,2011-12-24,BAL,CLE,19:00:00,19,0,0
2011_20_BAL_NE,2012-01-22,NE,BAL,15:06:40,15,6,40
2011_20_NYG_SF,2012-01-22,SF,NYG,18:41:49,18,41,49
2011_21_NYG_NE,2012-02-05,NE,NYG,18:30:31,18,30,31
2012_01_CIN_BAL,2012-09-10,BAL,CIN,19:00:00,19,0,0
2012_01_SD_OAK,2012-09-10,LV,LAC,22:25:26,22,25,26
2012_04_CLE_BAL,2012-09-27,BAL,CLE,19:00:00,19,0,0
2012_06_CIN_CLE,2012-10-14,CLE,CIN,12:59:55,12,59,55
2012_06_DAL_BAL,2012-10-14,BAL,DAL,19:00:00,19,0,0
2012_06_OAK_ATL,2012-10-14,ATL,LV,12:59:59,12,59,59
2012_08_SF_ARI,2012-10-29,ARI,SF,21:08:58,21,8,58
2012_10_OAK_BAL,2012-11-11,BAL,LV,19:00:00,19,0,0
2012_12_HOU_DET,2012-11-22,DET,HOU,12:39:01,12,39,1
2012_13_PIT_BAL,2012-12-02,BAL,PIT,19:00:00,19,0,0
2012_15_DEN_BAL,2012-12-16,BAL,DEN,19:00:00,19,0,0
2012_16_NYG_BAL,2012-12-23,BAL,NYG,19:00:00,19,0,0
2012_18_IND_BAL,2013-01-06,BAL,IND,19:00:00,19,0,0
2012_20_BAL_NE,2013-01-20,NE,BAL,18:41:33,18,41,33
2012_20_SF_ATL,2013-01-20,ATL,SF,15:06:01,15,6,1
2012_21_BAL_SF,2013-02-03,SF,BAL,18:31:52,18,31,52
2013_01_BAL_DEN,2013-09-05,DEN,BAL,21:13:55,21,13,55
2013_01_HOU_SD,2013-09-09,LAC,HOU,22:25:37,22,25,37
2013_01_PHI_WAS,2013-09-09,WAS,PHI,19:10:21,19,10,21
2013_02_CLE_BAL,2013-09-15,BAL,CLE,19:00:00,19,0,0
2013_03_HOU_BAL,2013-09-22,BAL,HOU,19:00:00,19,0,0
2013_05_SD_OAK,2013-10-06,LV,LAC,23:35:26,23,35,26
2013_06_GB_BAL,2013-10-13,BAL,GB,19:00:00,19,0,0
2013_10_CIN_BAL,2013-11-10,BAL,CIN,14:14:26,14,14,26
2013_11_NE_CAR,2013-11-18,CAR,NE,21:06:55,21,6,55
2013_12_NYJ_BAL,2013-11-24,BAL,NYJ,19:00:00,19,0,0
2013_13_GB_DET,2013-11-28,DET,GB,12:36:33,12,36,33
2013_13_PIT_BAL,2013-11-28,BAL,PIT,19:00:00,19,0,0
2013_14_MIN_BAL,2013-12-08,BAL,MIN,19:00:00,19,0,0
2013_16_NE_BAL,2013-12-22,BAL,NE,19:00:00,19,0,0
2013_20_NE_DEN,2014-01-19,DEN,NE,15:06:04,15,6,4
2013_20_SF_SEA,2014-01-19,SEA,SF,18:41:34,18,41,34
2013_21_SEA_DEN,2014-02-02,DEN,SEA,18:32:17,18,32,17
2014_01_CIN_BAL,2014-09-07,BAL,CIN,19:00:00,19,0,0
2014_01_NYG_DET,2014-09-08,DET,NYG,19:11:21,19,11,21
2014_01_SD_ARI,2014-09-08,ARI,LAC,22:21:13,22,21,13
2014_02_DET_CAR,2014-09-14,CAR,DET,14:01:56,14,1,56
2014_02_PIT_BAL,2014-09-11,BAL,PIT,21:32:25,21,32,25
2014_04_CAR_BAL,2014-09-28,BAL,CAR,19:00:00,19,0,0
2014_07_ATL_BAL,2014-10-19,BAL,ATL,10:13:04,10,13,4
2014_08_DET_ATL,2014-10-26,ATL,DET,09:37:28,9,37,28
2014_12_NYJ_BUF,2014-11-24,BUF,NYJ,19:05:33,19,5,33
2014_13_CHI_DET,2014-11-27,DET,CHI,12:39:19,12,39,19
2014_16_SEA_ARI,2014-12-21,ARI,SEA,21:28:02,21,28,2
2014_20_GB_SEA,2015-01-18,SEA,GB,15:05:36,15,5,36
2014_20_IND_NE,2015-01-18,NE,IND,18:50:54,18,50,54
2014_21_NE_SEA,2015-02-01,SEA,NE,18:30:53,18,30,53
2015_01_MIN_SF,2015-09-14,SF,MIN,22:20:54,22,20,54
2015_01_PHI_ATL,2015-09-14,ATL,PHI,19:10:47,19,10,47
2015_04_NYJ_MIA,2015-10-04,MIA,NYJ,09:37:10,9,37,10
2015_07_BUF_JAX,2015-10-25,JAX,BUF,09:35:23,9,35,23
2015_08_DET_KC,2015-11-01,KC,DET,09:36:09,9,36,9
2015_12_PHI_DET,2015-11-26,DET,PHI,12:35:32,12,35,32
2015_17_TB_CAR,2016-01-03,CAR,TB,17:00:47,17,0,47
2015_20_ARI_CAR,2016-01-24,CAR,ARI,18:46:32,18,46,32
2015_20_NE_DEN,2016-01-24,DEN,NE,15:05:58,15,5,58
2015_21_CAR_DEN,2016-02-07,DEN,CAR,18:39:16,18,39,16
2016_01_LA_SF,2016-09-12,SF,LA,22:20:26,22,20,26
2016_01_PIT_WAS,2016-09-12,WAS,PIT,19:11:15,19,11,15
2016_04_IND_JAX,2016-10-02,JAX,IND,09:35:34,9,35,34
2016_07_NYG_LA,2016-10-23,LA,NYG,09:31:43,9,31,43
2016_08_WAS_CIN,2016-10-30,CIN,WAS,09:36:04,9,36,4
2016_12_MIN_DET,2016-11-24,DET,MIN,12:41:40,12,41,40
2016_20_GB_ATL,2017-01-22,ATL,GB,15:05:27,15,5,27
2016_20_PIT_NE,2017-01-22,NE,PIT,18:45:18,18,45,18
2016_21_NE_ATL,2017-02-05,ATL,NE,18:37:27,18,37,27
2017_01_LAC_DEN,2017-09-11,DEN,LAC,22:21:17,22,21,17
2017_01_NO_MIN,2017-09-11,MIN,NO,19:10:42,19,10,42
2017_03_BAL_JAX,2017-09-24,JAX,BAL,09:35:34,9,35,34
2017_04_NO_MIA,2017-10-01,MIA,NO,09:35:43,9,35,43
2017_08_MIN_CLE,2017-10-29,CLE,MIN,09:30:22,9,30,22
2017_12_MIN_DET,2017-11-23,DET,MIN,12:35:26,12,35,26
2017_20_JAX_NE,2018-01-21,NE,JAX,15:05:28,15,5,28
2017_20_MIN_PHI,2018-01-21,PHI,MIN,18:41:39,18,41,39
2017_21_PHI_NE,2018-02-04,NE,PHI,18:31:17,18,31,17
2018_01_ATL_PHI,2018-09-06,PHI,ATL,21:05:29,21,5,29
2018_01_LA_OAK,2018-09-10,LV,LA,22:20:36,22,20,36
2018_01_NYJ_DET,2018-09-10,DET,NYJ,19:10:37,19,10,37
2018_07_TEN_LAC,2018-10-21,LAC,TEN,09:36:03,9,36,3
2018_08_PHI_JAX,2018-10-28,JAX,PHI,09:35:25,9,35,25
2018_12_CHI_DET,2018-11-22,DET,CHI,12:38:30,12,38,30
2018_13_IND_JAX,2018-12-02,JAX,IND,14:14:37,14,14,37
2018_20_LA_NO,2019-01-20,NO,LA,15:05:26,15,5,26
2018_20_NE_KC,2019-01-20,KC,NE,18:40:53,18,40,53
2018_21_NE_LA,2019-02-03,LA,NE,18:32:18,18,32,18
2019_01_DEN_OAK,2019-09-09,LV,DEN,22:20:18,22,20,18
2019_01_HOU_NO,2019-09-09,NO,HOU,19:10:35,19,10,35
2019_02_TB_CAR,2019-09-12,CAR,TB,21:13:48,21,13,48
2019_06_CAR_TB,2019-10-13,TB,CAR,09:35:30,9,35,30
2019_09_HOU_JAX,2019-11-03,JAX,HOU,09:35:40,9,35,40
2019_13_CHI_DET,2019-11-28,DET,CHI,12:35:42,12,35,42
2019_19_HOU_KC,2020-01-12,KC,HOU,15:05:38,15,5,38
2019_19_SEA_GB,2020-01-12,GB,SEA,18:40:52,18,40,52
2019_20_GB_SF,2020-01-19,SF,GB,18:41:15,18,41,15
2019_20_TEN_KC,2020-01-19,KC,TEN,15:05:25,15,5,25
2019_21_SF_KC,2020-02-02,KC,SF,18:41:13,18,41,13
2020_01_PIT_NYG,2020-09-14,NYG,PIT,19:10:16,19,10,16
2020_01_TEN_DEN,2020-09-14,DEN,TEN,22:20:30,22,20,30
2020_04_ATL_GB,2020-10-05,GB,ATL,21:00:45,21,0,45
2020_04_NE_KC,2020-10-05,KC,NE,19:05:57,19,5,57
2020_05_BUF_TEN,2020-10-13,TEN,BUF,19:05:28,19,5,28
2020_06_KC_BUF,2020-10-19,BUF,KC,17:05:38,17,5,38
2020_12_BAL_PIT,2020-12-02,PIT,BAL,15:40:31,15,40,31
2020_12_HOU_DET,2020-11-26,DET,HOU,12:35:34,12,35,34
2020_13_WAS_PIT,2020-12-07,PIT,WAS,17:05:33,17,5,33
2020_19_CLE_KC,2021-01-17,KC,CLE,15:05:24,15,5,24
2020_19_TB_NO,2021-01-17,NO,TB,18:40:48,18,40,48
2020_20_BUF_KC,2021-01-24,KC,BUF,18:40:23,18,40,23
2020_20_TB_GB,2021-01-24,GB,TB,15:05:39,15,5,39
2020_21_KC_TB,2021-02-07,TB,KC,18:37:59,18,37,59
2021_05_NYJ_ATL,2021-10-10,ATL,NYJ,09:35:26,9,35,26
2021_06_MIA_JAX,2021-10-17,JAX,MIA,09:37:04,9,37,4
2021_12_CHI_DET,2021-11-25,DET,CHI,12:35:52,12,35,52
2021_15_LV_CLE,2021-12-20,CLE,LV,17:03:29,17,3,29
2021_15_SEA_LA,2021-12-21,LA,SEA,19:05:34,19,5,34
2021_15_WAS_PHI,2021-12-21,PHI,WAS,19:05:29,19,5,29
2021_20_BUF_KC,2022-01-23,KC,BUF,18:40:35,18,40,35
2021_20_LA_TB,2022-01-23,TB,LA,15:02:45,15,2,45
2021_21_CIN_KC,2022-01-30,KC,CIN,15:02:42,15,2,42
2021_21_SF_LA,2022-01-30,LA,SF,18:41:39,18,41,39
2021_22_LA_CIN,2022-02-13,CIN,LA,18:34:32,18,34,32
2022_02_TEN_BUF,2022-09-19,BUF,TEN,19:15:37,19,15,37
2022_04_MIN_NO,2022-10-02,NO,MIN,09:33:38,9,33,38
2022_05_NYG_GB,2022-10-09,GB,NYG,09:32:59,9,32,59
2022_08_DEN_JAX,2022-10-30,JAX,DEN,09:31:09,9,31,9
2022_10_SEA_TB,2022-11-13,TB,SEA,09:32:32,9,32,32
2022_12_BUF_DET,2022-11-24,DET,BUF,12:35:25,12,35,25
2022_16_HOU_TEN,2022-12-24,TEN,HOU,14:02:26,14,2,26
2022_20_CIN_BUF,2023-01-22,BUF,CIN,15:02:23,15,2,23
2022_20_DAL_SF,2023-01-22,SF,DAL,18:40:56,18,40,56
2022_21_CIN_KC,2023-01-29,KC,CIN,18:40:41,18,40,41
2022_21_SF_PHI,2023-01-29,PHI,SF,15:05:40,15,5,40
2022_22_KC_PHI,2023-02-12,PHI,KC,18:43:39,18,43,39
2023_02_NO_CAR,2023-09-18,CAR,NO,19:15:34,19,15,34
2023_03_PHI_TB,2023-09-25,TB,PHI,19:15:32,19,15,32
2023_04_ATL_JAX,2023-10-01,JAX,ATL,09:32:54,9,32,54
2023_05_JAX_BUF,2023-10-08,BUF,JAX,09:32:35,9,32,35
2023_06_BAL_TEN,2023-10-15,TEN,BAL,09:32:40,9,32,40
2023_09_MIA_KC,2023-11-05,KC,MIA,09:32:30,9,32,30
2023_10_IND_NE,2023-11-12,NE,IND,09:32:57,9,32,57
2023_12_GB_DET,2023-11-23,DET,GB,12:35:39,12,35,39
2023_12_MIA_NYJ,2023-11-24,NYJ,MIA,15:03:11,15,3,11
2023_20_KC_BUF,2024-01-21,BUF,KC,18:40:54,18,40,54
2023_20_TB_DET,2024-01-21,DET,TB,15:02:43,15,2,43
2023_21_DET_SF,2024-01-28,SF,DET,18:41:17,18,41,17
2023_21_KC_BAL,2024-01-28,BAL,KC,15:02:41,15,2,41
2023_22_SF_KC,2024-02-11,KC,SF,18:40:27,18,40,27
2024_03_JAX_BUF,2024-09-23,BUF,JAX,19:30:15,19,30,15
2024_04_TEN_MIA,2024-09-30,MIA,TEN,19:31:04,19,31,4
2024_05_DAL_PIT,2024-10-06,PIT,DAL,21:46:19,21,46,19
2024_05_NYJ_MIN,2024-10-06,MIN,NYJ,09:32:24,9,32,24
2024_06_JAX_CHI,2024-10-13,CHI,JAX,09:32:24,9,32,24
2024_07_LAC_ARI,2024-10-21,ARI,LAC,21:00:26,21,0,26
2024_07_NE_JAX,2024-10-20,JAX,NE,09:32:30,9,32,30
2024_10_NYG_CAR,2024-11-10,CAR,NYG,09:32:40,9,32,40
2024_13_CHI_DET,2024-11-28,DET,CHI,12:36:02,12,36,2
2024_13_LV_KC,2024-11-29,KC,LV,15:03:35,15,3,35
2024_20_BAL_BUF,2025-01-19,BUF,BAL,18:41:05,18,41,5
2024_20_LA_PHI,2025-01-19,PHI,LA,15:02:56,15,2,56
2024_21_BUF_KC,2025-01-26,KC,BUF,18:40:39,18,40,39
2024_21_WAS_PHI,2025-01-26,PHI,WAS,15:03:12,15,3,12
2024_22_KC_PHI,2025-02-09,PHI,KC,18:41:24,18,41,24
2025_02_LAC_LV,2025-09-15,LV,LAC,22:05:19,22,5,19
2025_02_TB_HOU,2025-09-15,HOU,TB,19:03:29,19,3,29
