game_id,game_date,home_team,away_team,start_time,hour,minute,second,actual_hour
2001_01_NYG_DEN,9/10/2001,DEN,NYG,21:00:00,21,0,0,21
2001_02_WAS_GB,9/24/2001,GB,WAS,21:00:00,21,0,0,21
2001_03_SF_NYJ,10/1/2001,NYJ,SF,21:00:00,21,0,0,21
2001_04_STL_DET,10/8/2001,DET,LA,21:00:00,21,0,0,21
2001_05_WAS_DAL,10/15/2001,DAL,WAS,21:00:00,21,0,0,21
2001_06_PHI_NYG,10/22/2001,NYG,PHI,21:00:00,21,0,0,21
2001_07_TEN_PIT,10/29/2001,PIT,TEN,21:00:00,21,0,0,21
2001_08_DEN_OAK,11/5/2001,LV,DEN,21:00:00,21,0,0,21
2001_09_BAL_TEN,11/12/2001,TEN,BAL,21:00:00,21,0,0,21
2001_10_NYG_MIN,11/19/2001,MIN,NYG,21:00:00,21,0,0,21
2001_11_GB_DET,11/22/2001,DET,GB,12:30:00,12,30,0,12
2001_11_TB_STL,11/26/2001,LA,TB,21:00:00,21,0,0,21
2001_12_GB_JAX,12/3/2001,JAX,GB,21:00:00,21,0,0,21
2001_13_IND_MIA,12/10/2001,MIA,IND,21:00:00,21,0,0,21
2001_14_OAK_SD,12/15/2001,LAC,LV,17:00:00,17,0,0,16
2001_14_STL_NO,12/17/2001,NO,LA,21:00:00,21,0,0,21
2001_15_PHI_SF,12/22/2001,SF,PHI,17:00:00,17,0,0,16
2001_15_TEN_OAK,12/22/2001,LV,TEN,21:00:00,21,0,0,21
2001_16_BAL_TB,12/29/2001,TB,BAL,21:00:00,21,0,0,21
2001_17_DEN_IND,1/6/2002,IND,DEN,12:00:00,12,0,0,13
2001_17_MIN_BAL,1/7/2002,BAL,MIN,21:00:00,21,0,0,21
2002_01_PIT_NE,9/9/2002,NE,PIT,21:00:00,21,0,0,21
2002_02_PHI_WAS,9/16/2002,WAS,PHI,21:00:00,21,0,0,21
2002_03_STL_TB,9/23/2002,TB,LA,21:00:00,21,0,0,21
2002_04_DEN_BAL,9/30/2002,BAL,DEN,21:00:00,21,0,0,21
2002_05_GB_CHI,10/7/2002,CHI,GB,21:00:00,21,0,0,21
2002_06_SF_SEA,10/14/2002,SEA,SF,21:00:00,21,0,0,21
2002_07_IND_PIT,10/21/2002,PIT,IND,21:00:00,21,0,0,21
2002_08_NYG_PHI,10/28/2002,PHI,NYG,21:00:00,21,0,0,21
2002_09_MIA_GB,11/4/2002,GB,MIA,21:00:00,21,0,0,21
2002_10_OAK_DEN,11/11/2002,DEN,LV,21:00:00,21,0,0,21
2002_11_CHI_STL,11/18/2002,LA,CHI,21:00:00,21,0,0,21
2002_12_PHI_SF,11/25/2002,SF,PHI,21:00:00,21,0,0,21
2002_13_NE_DET,11/28/2002,DET,NE,12:30:00,12,30,0,12
2002_13_NYJ_OAK,12/2/2002,LV,NYJ,21:00:00,21,0,0,21
2002_14_CHI_MIA,12/9/2002,MIA,CHI,21:00:00,21,0,0,21
2002_15_NE_TEN,12/16/2002,TEN,NE,21:00:00,21,0,0,21
2002_16_PIT_TB,12/23/2002,TB,PIT,21:00:00,21,0,0,21
2002_16_SF_ARI,12/21/2002,ARI,SF,17:00:00,17,0,0,17
2002_17_KC_OAK,12/28/2002,LV,KC,17:00:00,17,0,0,17
2002_17_SF_STL,12/30/2002,LA,SF,21:00:00,21,0,0,21
2003_01_ARI_DET,9/7/2003,DET,ARI,9:06:08,9,6,8,13
2003_01_ATL_DAL,9/7/2003,DAL,ATL,11:19:07,11,19,7,16
2003_01_BAL_PIT,9/7/2003,PIT,BAL,9:06:08,9,6,8,13
2003_01_CHI_SF,9/7/2003,SF,CHI,9:20:06,9,20,6,16
2003_01_DEN_CIN,9/7/2003,CIN,DEN,9:06:09,9,6,9,13
2003_01_HOU_MIA,9/7/2003,MIA,HOU,9:06:02,9,6,2,13
2003_01_IND_CLE,9/7/2003,CLE,IND,9:06:20,9,6,20,13
2003_01_JAX_CAR,9/7/2003,CAR,JAX,9:05:57,9,5,57,13
2003_01_MIN_GB,9/7/2003,GB,MIN,8:05:19,8,5,19,13
2003_01_NE_BUF,9/7/2003,BUF,NE,9:07:22,9,7,22,13
2003_01_NO_SEA,9/7/2003,SEA,NO,9:18:14,9,18,14,16
2003_01_NYJ_WAS,9/4/2003,WAS,NYJ,17:09:06,17,9,6,21
2003_01_OAK_TEN,9/7/2003,TEN,LV,15:51:02,15,51,2,20
2003_01_SD_KC,9/7/2003,KC,LAC,8:14:06,8,14,6,13
2003_01_STL_NYG,9/7/2003,NYG,LA,9:05:18,9,5,18,13
2003_01_TB_PHI,9/8/2003,PHI,TB,17:09:36,17,9,36,21
2003_02_BUF_JAX,9/14/2003,JAX,BUF,9:03:00,9,3,0,13
2003_02_CAR_TB,9/14/2003,TB,CAR,12:05:32,12,5,32,16
2003_02_CHI_MIN,9/14/2003,MIN,CHI,15:44:26,15,44,26,20
2003_02_CIN_OAK,9/14/2003,LV,CIN,9:16:03,9,16,3,16
2003_02_CLE_BAL,9/14/2003,BAL,CLE,9:02:44,9,2,44,13
2003_02_DAL_NYG,9/15/2003,NYG,DAL,17:09:01,17,9,1,21
2003_02_DEN_SD,9/14/2003,LAC,DEN,9:16:23,9,16,23,16
2003_02_DET_GB,9/14/2003,GB,DET,8:03:11,8,3,11,13
2003_02_HOU_NO,9/14/2003,NO,HOU,8:02:33,8,2,33,13
2003_02_MIA_NYJ,9/14/2003,NYJ,MIA,9:02:55,9,2,55,13
2003_02_NE_PHI,9/14/2003,PHI,NE,12:15:33,12,15,33,16
2003_02_PIT_KC,9/14/2003,KC,PIT,8:02:47,8,2,47,13
2003_02_SEA_ARI,9/14/2003,ARI,SEA,9:05:41,9,5,41,16
2003_02_SF_STL,9/14/2003,LA,SF,8:03:55,8,3,55,13
2003_02_TEN_IND,9/14/2003,IND,TEN,8:02:50,8,2,50,13
2003_02_WAS_ATL,9/14/2003,ATL,WAS,9:03:33,9,3,33,13
2003_03_BAL_SD,9/21/2003,LAC,BAL,9:15:29,9,15,29,16
2003_03_CLE_SF,9/21/2003,SF,CLE,9:16:11,9,16,11,16
2003_03_GB_ARI,9/21/2003,ARI,GB,9:06:13,9,6,13,16
2003_03_JAX_IND,9/21/2003,IND,JAX,8:02:43,8,2,43,13
2003_03_KC_HOU,9/21/2003,HOU,KC,8:02:23,8,2,23,13
2003_03_MIN_DET,9/21/2003,DET,MIN,9:03:09,9,3,9,13
2003_03_NO_TEN,9/21/2003,TEN,NO,8:03:12,8,3,12,13
2003_03_NYG_WAS,9/21/2003,WAS,NYG,12:05:34,12,5,34,16
2003_03_NYJ_NE,9/21/2003,NE,NYJ,9:02:59,9,2,59,13
2003_03_OAK_DEN,9/22/2003,DEN,LV,15:09:22,15,9,22,21
2003_03_PIT_CIN,9/21/2003,CIN,PIT,9:02:18,9,2,18,13
2003_03_STL_SEA,9/21/2003,SEA,LA,9:05:58,9,5,58,16
2003_03_TB_ATL,9/21/2003,ATL,TB,9:03:29,9,3,29,13
2003_04_ARI_STL,9/28/2003,LA,ARI,8:03:08,8,3,8,13
2003_04_ATL_CAR,9/28/2003,CAR,ATL,12:15:38,12,15,38,13
2003_04_CIN_CLE,9/28/2003,CLE,CIN,9:02:43,9,2,43,13
2003_04_DAL_NYJ,9/28/2003,NYJ,DAL,12:15:36,12,15,36,16
2003_04_DET_DEN,9/28/2003,DEN,DET,10:15:23,10,15,23,16
2003_04_IND_NO,9/28/2003,NO,IND,15:37:11,15,37,11,20
2003_04_JAX_HOU,9/28/2003,HOU,JAX,8:03:05,8,3,5,13
2003_04_KC_BAL,9/28/2003,BAL,KC,12:06:00,12,6,0,13
2003_04_NE_WAS,9/28/2003,WAS,NE,9:03:05,9,3,5,13
2003_04_PHI_BUF,9/28/2003,BUF,PHI,9:03:05,9,3,5,13
2003_04_SD_OAK,9/28/2003,LV,LAC,9:05:47,9,5,47,16
2003_04_SF_MIN,9/28/2003,MIN,SF,8:03:04,8,3,4,13
2003_04_TEN_PIT,9/28/2003,PIT,TEN,9:02:18,9,2,18,13
2003_05_ARI_DAL,10/5/2003,DAL,ARI,8:02:21,8,2,21,13
2003_05_CIN_BUF,10/5/2003,BUF,CIN,9:03:05,9,3,5,13
2003_05_DEN_KC,10/5/2003,KC,DEN,8:26:36,8,26,36,13
2003_05_DET_SF,10/5/2003,SF,DET,9:15:16,9,15,16,16
2003_05_IND_TB,10/6/2003,TB,IND,17:09:15,17,9,15,21
2003_05_MIA_NYG,10/5/2003,NYG,MIA,9:02:59,9,2,59,13
2003_05_MIN_ATL,10/5/2003,ATL,MIN,9:03:09,9,3,9,13
2003_05_NO_CAR,10/5/2003,CAR,NO,9:02:51,9,2,51,13
2003_05_OAK_CHI,10/5/2003,CHI,LV,8:02:36,8,2,36,13
2003_05_SD_JAX,10/5/2003,JAX,LAC,12:05:45,12,5,45,16
2003_05_SEA_GB,10/5/2003,GB,SEA,8:04:45,8,4,45,13
2003_05_TEN_NE,10/5/2003,NE,TEN,9:02:31,9,2,31,13
2003_05_WAS_PHI,10/5/2003,PHI,WAS,12:16:10,12,16,10,16
2003_06_BAL_ARI,10/12/2003,ARI,BAL,9:15:43,9,15,43,16
2003_06_BUF_NYJ,10/12/2003,NYJ,BUF,12:15:42,12,15,42,16
2003_06_CAR_IND,10/12/2003,IND,CAR,8:03:12,8,3,12,13
2003_06_CHI_NO,10/12/2003,NO,CHI,8:03:19,8,3,19,13
2003_06_HOU_TEN,10/12/2003,TEN,HOU,8:13:59,8,13,59,13
2003_06_KC_GB,10/12/2003,GB,KC,8:03:37,8,3,37,13
2003_06_MIA_JAX,10/12/2003,JAX,MIA,9:02:34,9,2,34,13
2003_06_NYG_NE,10/12/2003,NE,NYG,9:03:00,9,3,0,13
2003_06_OAK_CLE,10/12/2003,CLE,LV,9:02:35,9,2,35,13
2003_06_PHI_DAL,10/12/2003,DAL,PHI,8:02:53,8,2,53,13
2003_06_PIT_DEN,10/12/2003,DEN,PIT,10:15:56,10,15,56,16
2003_06_TB_WAS,10/12/2003,WAS,TB,9:03:14,9,3,14,13
2003_07_BAL_CIN,10/19/2003,CIN,BAL,9:02:52,9,2,52,13
2003_07_CHI_SEA,10/19/2003,SEA,CHI,9:15:44,9,15,44,16
2003_07_DAL_DET,10/19/2003,DET,DAL,9:03:02,9,3,2,13
2003_07_DEN_MIN,10/19/2003,MIN,DEN,8:28:19,8,28,19,13
2003_07_GB_STL,10/19/2003,LA,GB,8:04:37,8,4,37,13
2003_07_KC_OAK,10/20/2003,LV,KC,15:39:58,15,39,58,21
2003_07_NE_MIA,10/19/2003,MIA,NE,9:03:37,9,3,37,13
2003_07_NO_ATL,10/19/2003,ATL,NO,9:03:23,9,3,23,13
2003_07_NYJ_HOU,10/19/2003,HOU,NYJ,11:05:40,11,5,40,16
2003_07_PHI_NYG,10/19/2003,NYG,PHI,9:01:00,9,1,0,13
2003_07_SD_CLE,10/19/2003,CLE,LAC,9:02:41,9,2,41,13
2003_07_TB_SF,10/19/2003,SF,TB,9:15:35,9,15,35,16
2003_07_TEN_CAR,10/19/2003,CAR,TEN,9:02:21,9,2,21,13
2003_07_WAS_BUF,10/19/2003,BUF,WAS,12:15:46,12,15,46,13
2003_08_BUF_KC,10/26/2003,KC,BUF,15:23:54,15,23,54,20
2003_08_CAR_NO,10/26/2003,NO,CAR,7:03:24,7,3,24,13
2003_08_CLE_NE,10/26/2003,NE,CLE,8:03:10,8,3,10,13
2003_08_DAL_TB,10/26/2003,TB,DAL,8:02:42,8,2,42,13
2003_08_DEN_BAL,10/26/2003,BAL,DEN,8:02:13,8,2,13,13
2003_08_DET_CHI,10/26/2003,CHI,DET,7:02:56,7,2,56,13
2003_08_HOU_IND,10/26/2003,IND,HOU,11:15:25,11,15,25,16
2003_08_MIA_SD,10/27/2003,LAC,MIA,14:16:04,14,16,4,21
2003_08_NYG_MIN,10/26/2003,MIN,NYG,7:03:26,7,3,26,13
2003_08_NYJ_PHI,10/26/2003,PHI,NYJ,11:15:45,11,15,45,16
2003_08_SEA_CIN,10/26/2003,CIN,SEA,8:02:57,8,2,57,13
2003_08_SF_ARI,10/26/2003,ARI,SF,9:05:51,9,5,51,16
2003_08_STL_PIT,10/26/2003,PIT,LA,8:03:42,8,3,42,13
2003_08_TEN_JAX,10/26/2003,JAX,TEN,8:02:39,8,2,39,13
2003_09_CAR_HOU,11/2/2003,HOU,CAR,7:02:53,7,2,53,13
2003_09_CIN_ARI,11/2/2003,ARI,CIN,9:05:32,9,5,32,16
2003_09_GB_MIN,11/2/2003,MIN,GB,14:48:14,14,48,14,20
2003_09_IND_MIA,11/2/2003,MIA,IND,8:02:36,8,2,36,13
2003_09_JAX_BAL,11/2/2003,BAL,JAX,8:02:09,8,2,9,13
2003_09_NE_DEN,11/3/2003,DEN,NE,14:09:02,14,9,2,21
2003_09_NO_TB,11/2/2003,TB,NO,8:02:22,8,2,22,13
2003_09_NYG_NYJ,11/2/2003,NYJ,NYG,8:03:02,8,3,2,13
2003_09_OAK_DET,11/2/2003,DET,LV,8:03:08,8,3,8,13
2003_09_PHI_ATL,11/2/2003,ATL,PHI,11:15:00,11,15,0,16
2003_09_PIT_SEA,11/2/2003,SEA,PIT,8:05:36,8,5,36,16
2003_09_SD_CHI,11/2/2003,CHI,LAC,7:02:39,7,2,39,13
2003_09_STL_SF,11/2/2003,SF,LA,8:17:09,8,17,9,16
2003_09_WAS_DAL,11/2/2003,DAL,WAS,10:16:18,10,16,18,13
2003_10_ARI_PIT,11/9/2003,PIT,ARI,8:03:08,8,3,8,13
2003_10_ATL_NYG,11/9/2003,NYG,ATL,8:12:03,8,12,3,13
2003_10_BAL_STL,11/9/2003,LA,BAL,14:40:14,14,40,14,20
2003_10_BUF_DAL,11/9/2003,DAL,BUF,10:15:44,10,15,44,16
2003_10_CHI_DET,11/9/2003,DET,CHI,8:03:04,8,3,4,13
2003_10_CLE_KC,11/9/2003,KC,CLE,7:03:18,7,3,18,13
2003_10_HOU_CIN,11/9/2003,CIN,HOU,8:03:00,8,3,0,13
2003_10_IND_JAX,11/9/2003,JAX,IND,8:02:43,8,2,43,13
2003_10_MIA_TEN,11/9/2003,TEN,MIA,8:21:23,8,21,23,13
2003_10_MIN_SD,11/9/2003,LAC,MIN,8:05:54,8,5,54,16
2003_10_NYJ_OAK,11/9/2003,LV,NYJ,9:15:33,9,15,33,16
2003_10_PHI_GB,11/10/2003,GB,PHI,15:09:45,15,9,45,21
2003_10_SEA_WAS,11/9/2003,WAS,SEA,8:02:38,8,2,38,13
2003_10_TB_CAR,11/9/2003,CAR,TB,8:03:29,8,3,29,13
2003_11_ARI_CLE,11/16/2003,CLE,ARI,8:03:05,8,3,5,13
2003_11_ATL_NO,11/16/2003,NO,ATL,7:04:27,7,4,27,13
2003_11_BAL_MIA,11/16/2003,MIA,BAL,8:03:02,8,3,2,13
2003_11_DAL_NE,11/16/2003,NE,DAL,15:37:49,15,37,49,20
2003_11_DET_SEA,11/16/2003,SEA,DET,8:23:10,8,23,10,16
2003_11_GB_TB,11/16/2003,TB,GB,11:15:29,11,15,29,16
2003_11_HOU_BUF,11/16/2003,BUF,HOU,8:03:00,8,3,0,13
2003_11_JAX_TEN,11/16/2003,TEN,JAX,7:02:23,7,2,23,13
2003_11_KC_CIN,11/16/2003,CIN,KC,8:03:09,8,3,9,13
2003_11_MIN_OAK,11/16/2003,LV,MIN,8:16:20,8,16,20,16
2003_11_NYG_PHI,11/16/2003,PHI,NYG,8:02:57,8,2,57,13
2003_11_NYJ_IND,11/16/2003,IND,NYJ,11:06:00,11,6,0,16
2003_11_SD_DEN,11/16/2003,DEN,LAC,9:05:33,9,5,33,16
2003_11_STL_CHI,11/16/2003,CHI,LA,7:03:00,7,3,0,13
2003_11_WAS_CAR,11/16/2003,CAR,WAS,8:03:11,8,3,11,13
2003_12_CAR_DAL,11/23/2003,DAL,CAR,7:03:58,7,3,58,13
2003_12_CHI_DEN,11/23/2003,DEN,CHI,9:05:59,9,5,59,16
2003_12_CIN_SD,11/23/2003,LAC,CIN,8:15:55,8,15,55,16
2003_12_DET_MIN,11/23/2003,MIN,DET,7:03:00,7,3,0,13
2003_12_IND_BUF,11/23/2003,BUF,IND,8:02:48,8,2,48,13
2003_12_JAX_NYJ,11/23/2003,NYJ,JAX,8:03:04,8,3,4,13
2003_12_NE_HOU,11/23/2003,HOU,NE,7:02:40,7,2,40,13
2003_12_NO_PHI,11/23/2003,PHI,NO,8:03:13,8,3,13,13
2003_12_OAK_KC,11/23/2003,KC,LV,10:16:19,10,16,19,16
2003_12_PIT_CLE,11/23/2003,CLE,PIT,8:02:43,8,2,43,13
2003_12_SEA_BAL,11/23/2003,BAL,SEA,8:02:46,8,2,46,13
2003_12_SF_GB,11/23/2003,GB,SF,7:03:18,7,3,18,13
2003_12_STL_ARI,11/23/2003,ARI,LA,9:05:57,9,5,57,16
2003_12_TEN_ATL,11/23/2003,ATL,TEN,11:15:20,11,15,20,16
2003_12_WAS_MIA,11/23/2003,MIA,WAS,15:37:19,15,37,19,20
2003_13_ARI_CHI,11/30/2003,CHI,ARI,7:03:00,7,3,0,13
2003_13_ATL_HOU,11/30/2003,HOU,ATL,7:03:03,7,3,3,13
2003_13_BUF_NYG,11/30/2003,NYG,BUF,8:02:53,8,2,53,13
2003_13_CIN_PIT,11/30/2003,PIT,CIN,8:03:00,8,3,0,13
2003_13_CLE_SEA,11/30/2003,SEA,CLE,8:15:27,8,15,27,16
2003_13_DEN_OAK,11/30/2003,LV,DEN,9:31:30,9,31,30,16
2003_13_GB_DET,11/27/2003,DET,GB,7:37:57,7,37,57,12
2003_13_KC_SD,11/30/2003,LAC,KC,8:15:21,8,15,21,16
2003_13_MIA_DAL,11/27/2003,DAL,MIA,10:16:15,10,16,15,16
2003_13_MIN_STL,11/30/2003,LA,MIN,8:03:13,8,3,13,13
2003_13_NE_IND,11/30/2003,IND,NE,8:03:07,8,3,7,13
2003_13_NO_WAS,11/30/2003,WAS,NO,11:06:05,11,6,5,16
2003_13_PHI_CAR,11/30/2003,CAR,PHI,8:02:43,8,2,43,13
2003_13_SF_BAL,11/30/2003,BAL,SF,8:02:23,8,2,23,13
2003_13_TB_JAX,11/30/2003,JAX,TB,15:36:46,15,36,46,20
2003_14_ARI_SF,12/7/2003,SF,ARI,8:05:20,8,5,20,16
2003_14_CAR_ATL,12/7/2003,ATL,CAR,15:37:22,15,37,22,20
2003_14_CHI_GB,12/7/2003,GB,CHI,7:03:12,7,3,12,13
2003_14_CIN_BAL,12/7/2003,BAL,CIN,8:02:44,8,2,44,13
2003_14_DAL_PHI,12/7/2003,PHI,DAL,8:03:03,8,3,3,13
2003_14_HOU_JAX,12/7/2003,JAX,HOU,8:02:54,8,2,54,13
2003_14_IND_TEN,12/7/2003,TEN,IND,7:03:00,7,3,0,13
2003_14_KC_DEN,12/7/2003,DEN,KC,9:15:37,9,15,37,16
2003_14_MIA_NE,12/7/2003,NE,MIA,11:16:01,11,16,1,16
2003_14_NYJ_BUF,12/7/2003,BUF,NYJ,11:15:51,11,15,51,16
2003_14_OAK_PIT,12/7/2003,PIT,LV,8:02:31,8,2,31,13
2003_14_SD_DET,12/7/2003,DET,LAC,8:03:25,8,3,25,13
2003_14_SEA_MIN,12/7/2003,MIN,SEA,7:49:10,7,49,10,13
2003_14_TB_NO,12/7/2003,NO,TB,7:03:04,7,3,4,13
2003_14_WAS_NYG,12/7/2003,NYG,WAS,8:03:25,8,3,25,13
2003_15_ATL_IND,12/14/2003,IND,ATL,8:03:16,8,3,16,13
2003_15_BAL_OAK,12/14/2003,LV,BAL,8:05:42,8,5,42,16
2003_15_BUF_TEN,12/14/2003,TEN,BUF,7:03:01,7,3,1,13
2003_15_CAR_ARI,12/14/2003,ARI,CAR,9:16:55,9,16,55,16
2003_15_CLE_DEN,12/14/2003,DEN,CLE,9:05:28,9,5,28,16
2003_15_DAL_WAS,12/14/2003,WAS,DAL,11:17:04,11,17,4,13
2003_15_DET_KC,12/14/2003,KC,DET,7:25:04,7,25,4,13
2003_15_GB_SD,12/14/2003,LAC,GB,8:16:38,8,16,38,16
2003_15_HOU_TB,12/14/2003,TB,HOU,8:03:17,8,3,17,13
2003_15_JAX_NE,12/14/2003,NE,JAX,8:03:04,8,3,4,13
2003_15_MIN_CHI,12/14/2003,CHI,MIN,7:02:54,7,2,54,13
2003_15_NYG_NO,12/14/2003,NO,NYG,14:36:21,14,36,21,20
2003_15_PIT_NYJ,12/14/2003,NYJ,PIT,8:14:56,8,14,56,13
2003_15_SEA_STL,12/14/2003,LA,SEA,7:03:19,7,3,19,13
2003_15_SF_CIN,12/14/2003,CIN,SF,8:03:09,8,3,9,13
2003_16_ARI_SEA,12/21/2003,SEA,ARI,8:15:30,8,15,30,16
2003_16_ATL_TB,12/20/2003,TB,ATL,8:35:22,8,35,22,13
2003_16_BAL_CLE,12/21/2003,CLE,BAL,8:02:53,8,2,53,13
2003_16_CIN_STL,12/21/2003,LA,CIN,7:02:51,7,2,51,13
2003_16_DEN_IND,12/21/2003,IND,DEN,15:36:41,15,36,41,20
2003_16_DET_CAR,12/21/2003,CAR,DET,8:02:56,8,2,56,13
2003_16_KC_MIN,12/20/2003,MIN,KC,11:17:01,11,17,1,17
2003_16_MIA_BUF,12/21/2003,BUF,MIA,8:02:56,8,2,56,13
2003_16_NE_NYJ,12/20/2003,NYJ,NE,15:37:10,15,37,10,20
2003_16_NO_JAX,12/21/2003,JAX,NO,8:03:40,8,3,40,13
2003_16_NYG_DAL,12/21/2003,DAL,NYG,7:02:45,7,2,45,13
2003_16_SD_PIT,12/21/2003,PIT,LAC,11:05:54,11,5,54,16
2003_16_SF_PHI,12/21/2003,PHI,SF,11:15:31,11,15,31,16
2003_16_TEN_HOU,12/21/2003,HOU,TEN,7:02:39,7,2,39,13
2003_16_WAS_CHI,12/21/2003,CHI,WAS,7:03:36,7,3,36,13
2003_17_BUF_NE,12/27/2003,NE,BUF,8:36:31,8,36,31,13
2003_17_CAR_NYG,12/28/2003,NYG,CAR,11:05:07,11,5,7,16
2003_17_CHI_KC,12/28/2003,KC,CHI,7:03:04,7,3,4,13
2003_17_CLE_CIN,12/28/2003,CIN,CLE,8:02:35,8,2,35,13
2003_17_DAL_NO,12/28/2003,NO,DAL,7:03:00,7,3,0,13
2003_17_DEN_GB,12/28/2003,GB,DEN,10:16:15,10,16,15,16
2003_17_IND_HOU,12/28/2003,HOU,IND,7:03:14,7,3,14,13
2003_17_JAX_ATL,12/28/2003,ATL,JAX,8:03:09,8,3,9,13
2003_17_MIN_ARI,12/28/2003,ARI,MIN,9:05:40,9,5,40,16
2003_17_NYJ_MIA,12/28/2003,MIA,NYJ,8:03:01,8,3,1,13
2003_17_OAK_SD,12/28/2003,LAC,LV,8:16:11,8,16,11,16
2003_17_PHI_WAS,12/27/2003,WAS,PHI,15:36:44,15,36,44,20
2003_17_PIT_BAL,12/28/2003,BAL,PIT,15:37:05,15,37,5,20
2003_17_SEA_SF,12/27/2003,SF,SEA,9:15:50,9,15,50,17
2003_17_STL_DET,12/28/2003,DET,LA,8:03:20,8,3,20,13
2003_17_TB_TEN,12/28/2003,TEN,TB,7:03:34,7,3,34,13
2004_01_ARI_STL,9/12/2004,LA,ARI,8:06:02,8,6,2,13
2004_01_ATL_SF,9/12/2004,SF,ATL,9:19:42,9,19,42,16
2004_01_BAL_CLE,9/12/2004,CLE,BAL,9:07:44,9,7,44,13
2004_01_CIN_NYJ,9/12/2004,NYJ,CIN,9:07:23,9,7,23,13
2004_01_DAL_MIN,9/12/2004,MIN,DAL,11:19:24,11,19,24,16
2004_01_DET_CHI,9/12/2004,CHI,DET,8:06:38,8,6,38,13
2004_01_GB_CAR,9/13/2004,CAR,GB,17:09:31,17,9,31,21
2004_01_IND_NE,9/9/2004,NE,IND,17:09:09,17,9,9,21
2004_01_JAX_BUF,9/12/2004,BUF,JAX,9:06:27,9,6,27,13
2004_01_KC_DEN,9/12/2004,DEN,KC,14:39:29,14,39,29,17
2004_01_NYG_PHI,9/12/2004,PHI,NYG,12:21:34,12,21,34,16
2004_01_OAK_PIT,9/12/2004,PIT,LV,9:05:36,9,5,36,13
2004_01_SD_HOU,9/12/2004,HOU,LAC,8:05:35,8,5,35,13
2004_01_SEA_NO,9/12/2004,NO,SEA,8:06:19,8,6,19,13
2004_01_TB_WAS,9/12/2004,WAS,TB,9:14:59,9,14,59,13
2004_01_TEN_MIA,9/11/2004,MIA,TEN,9:07:18,9,7,18,13
2004_02_BUF_OAK,9/19/2004,LV,BUF,9:15:58,9,15,58,13
2004_02_CAR_KC,9/19/2004,KC,CAR,8:02:52,8,2,52,13
2004_02_CHI_GB,9/19/2004,GB,CHI,8:02:38,8,2,38,13
2004_02_CLE_DAL,9/19/2004,DAL,CLE,11:15:37,11,15,37,16
2004_02_DEN_JAX,9/19/2004,JAX,DEN,9:02:40,9,2,40,13
2004_02_HOU_DET,9/19/2004,DET,HOU,9:03:57,9,3,57,13
2004_02_IND_TEN,9/19/2004,TEN,IND,8:02:54,8,2,54,13
2004_02_MIN_PHI,9/20/2004,PHI,MIN,17:09:16,17,9,16,21
2004_02_NE_ARI,9/19/2004,ARI,NE,9:15:30,9,15,30,16
2004_02_NYJ_SD,9/19/2004,LAC,NYJ,9:15:33,9,15,33,16
2004_02_PIT_BAL,9/19/2004,BAL,PIT,9:02:24,9,2,24,13
2004_02_SEA_TB,9/19/2004,TB,SEA,12:05:14,12,5,14,16
2004_02_SF_NO,9/19/2004,NO,SF,8:03:18,8,3,18,13
2004_02_STL_ATL,9/19/2004,ATL,LA,9:03:27,9,3,27,13
2004_02_WAS_NYG,9/19/2004,NYG,WAS,9:04:03,9,4,3,13
2004_03_ARI_ATL,9/26/2004,ATL,ARI,9:18:07,9,18,7,13
2004_03_BAL_CIN,9/26/2004,CIN,BAL,9:02:54,9,2,54,13
2004_03_CHI_MIN,9/26/2004,MIN,CHI,8:14:38,8,14,38,13
2004_03_CLE_NYG,9/26/2004,NYG,CLE,9:17:00,9,17,0,13
2004_03_DAL_WAS,9/27/2004,WAS,DAL,17:09:23,17,9,23,21
2004_03_GB_IND,9/26/2004,IND,GB,11:15:03,11,15,3,16
2004_03_HOU_KC,9/26/2004,KC,HOU,8:02:14,8,2,14,13
2004_03_JAX_TEN,9/26/2004,TEN,JAX,8:02:24,8,2,24,13
2004_03_NO_STL,9/26/2004,LA,NO,8:03:17,8,3,17,13
2004_03_PHI_DET,9/26/2004,DET,PHI,9:03:03,9,3,3,13
2004_03_SD_DEN,9/26/2004,DEN,LAC,10:05:35,10,5,35,16
2004_03_SF_SEA,9/26/2004,SEA,SF,9:16:06,9,16,6,16
2004_04_ATL_CAR,10/3/2004,CAR,ATL,12:05:09,12,5,9,16
2004_04_CIN_PIT,10/3/2004,PIT,CIN,9:02:05,9,2,5,13
2004_04_DEN_TB,10/3/2004,TB,DEN,12:15:05,12,15,5,16
2004_04_IND_JAX,10/3/2004,JAX,IND,9:02:40,9,2,40,13
2004_04_KC_BAL,10/4/2004,BAL,KC,17:08:46,17,8,46,21
2004_04_NE_BUF,10/3/2004,BUF,NE,9:03:15,9,3,15,13
2004_04_NO_ARI,10/3/2004,ARI,NO,9:05:17,9,5,17,16
2004_04_NYG_GB,10/3/2004,GB,NYG,8:03:49,8,3,49,13
2004_04_NYJ_MIA,10/3/2004,MIA,NYJ,12:15:05,12,15,5,16
2004_04_OAK_HOU,10/3/2004,HOU,LV,8:02:02,8,2,2,13
2004_04_PHI_CHI,10/3/2004,CHI,PHI,8:03:08,8,3,8,13
2004_04_TEN_SD,10/3/2004,LAC,TEN,9:15:01,9,15,1,16
2004_04_WAS_CLE,10/3/2004,CLE,WAS,9:02:38,9,2,38,13
2004_05_ARI_SF,10/10/2004,SF,ARI,9:15:18,9,15,18,16
2004_05_BUF_NYJ,10/10/2004,NYJ,BUF,12:06:30,12,6,30,16
2004_05_CAR_DEN,10/10/2004,DEN,CAR,10:15:24,10,15,24,16
2004_05_CLE_PIT,10/10/2004,PIT,CLE,9:02:29,9,2,29,13
2004_05_DET_ATL,10/10/2004,ATL,DET,9:03:05,9,3,5,13
2004_05_JAX_SD,10/10/2004,LAC,JAX,9:05:09,9,5,9,16
2004_05_MIA_NE,10/10/2004,NE,MIA,9:02:51,9,2,51,13
2004_05_MIN_HOU,10/10/2004,HOU,MIN,8:02:36,8,2,36,13
2004_05_NYG_DAL,10/10/2004,DAL,NYG,8:03:12,8,3,12,13
2004_05_OAK_IND,10/10/2004,IND,LV,8:02:27,8,2,27,13
2004_05_STL_SEA,10/10/2004,SEA,LA,9:15:29,9,15,29,16
2004_05_TB_NO,10/10/2004,NO,TB,8:03:46,8,3,46,13
2004_06_CAR_PHI,10/17/2004,PHI,CAR,9:04:18,9,4,18,13
2004_06_CIN_CLE,10/17/2004,CLE,CIN,9:02:33,9,2,33,13
2004_06_DEN_OAK,10/17/2004,LV,DEN,10:38:00,10,38,0,16
2004_06_GB_DET,10/17/2004,DET,GB,9:03:00,9,3,0,13
2004_06_HOU_TEN,10/17/2004,TEN,HOU,8:02:14,8,2,14,13
2004_06_KC_JAX,10/17/2004,JAX,KC,9:02:09,9,2,9,13
2004_06_MIA_BUF,10/17/2004,BUF,MIA,9:03:10,9,3,10,13
2004_06_MIN_NO,10/17/2004,NO,MIN,15:36:06,15,36,6,21
2004_06_PIT_DAL,10/17/2004,DAL,PIT,11:15:25,11,15,25,16
2004_06_SD_ATL,10/17/2004,ATL,LAC,9:02:28,9,2,28,13
2004_06_SEA_NE,10/17/2004,NE,SEA,9:02:25,9,2,25,13
2004_06_SF_NYJ,10/17/2004,NYJ,SF,9:02:51,9,2,51,13
2004_06_WAS_CHI,10/17/2004,CHI,WAS,8:02:44,8,2,44,13
2004_07_ATL_KC,10/24/2004,KC,ATL,8:02:25,8,2,25,13
2004_07_BUF_BAL,10/24/2004,BAL,BUF,9:02:22,9,2,22,13
2004_07_CHI_TB,10/24/2004,TB,CHI,9:02:55,9,2,55,13
2004_07_DAL_GB,10/24/2004,GB,DAL,11:14:48,11,14,48,16
2004_07_DEN_CIN,10/25/2004,CIN,DEN,17:09:17,17,9,17,21
2004_07_DET_NYG,10/24/2004,NYG,DET,9:13:35,9,13,35,13
2004_07_JAX_IND,10/24/2004,IND,JAX,8:02:29,8,2,29,13
2004_07_NO_OAK,10/24/2004,LV,NO,9:15:36,9,15,36,16
2004_07_NYJ_NE,10/24/2004,NE,NYJ,12:05:58,12,5,58,16
2004_07_PHI_CLE,10/24/2004,CLE,PHI,9:02:49,9,2,49,13
2004_07_SD_CAR,10/24/2004,CAR,LAC,9:02:23,9,2,23,13
2004_07_SEA_ARI,10/24/2004,ARI,SEA,9:15:28,9,15,28,16
2004_07_STL_MIA,10/24/2004,MIA,LA,9:02:23,9,2,23,13
2004_07_TEN_MIN,10/24/2004,MIN,TEN,9:01:50,9,1,50,13
2004_08_ARI_BUF,10/31/2004,BUF,ARI,8:04:02,8,4,2,13
2004_08_ATL_DEN,10/31/2004,DEN,ATL,9:05:55,9,5,55,16
2004_08_BAL_PHI,10/31/2004,PHI,BAL,8:03:00,8,3,0,13
2004_08_CAR_SEA,10/31/2004,SEA,CAR,8:05:47,8,5,47,16
2004_08_CIN_TEN,10/31/2004,TEN,CIN,7:03:05,7,3,5,13
2004_08_DET_DAL,10/31/2004,DAL,DET,7:02:54,7,2,54,13
2004_08_GB_WAS,10/31/2004,WAS,GB,8:03:43,8,3,43,13
2004_08_IND_KC,10/31/2004,KC,IND,7:02:53,7,2,53,13
2004_08_JAX_HOU,10/31/2004,HOU,JAX,7:02:42,7,2,42,13
2004_08_NE_PIT,10/31/2004,PIT,NE,11:15:54,11,15,54,16
2004_08_NYG_MIN,10/31/2004,MIN,NYG,7:02:42,7,2,42,13
2004_08_OAK_SD,10/31/2004,LAC,LV,8:15:41,8,15,41,16
2004_08_SF_CHI,10/31/2004,CHI,SF,14:36:13,14,36,13,21
2004_09_ARI_MIA,11/7/2004,MIA,ARI,8:02:35,8,2,35,13
2004_09_CHI_NYG,11/7/2004,NYG,CHI,11:26:06,11,26,6,16
2004_09_CLE_BAL,11/7/2004,BAL,CLE,15:36:16,15,36,16,21
2004_09_DAL_CIN,11/7/2004,CIN,DAL,8:02:55,8,2,55,13
2004_09_HOU_DEN,11/7/2004,DEN,HOU,9:15:49,9,15,49,16
2004_09_KC_TB,11/7/2004,TB,KC,8:02:40,8,2,40,13
2004_09_NE_STL,11/7/2004,LA,NE,10:16:00,10,16,0,16
2004_09_NO_SD,11/7/2004,LAC,NO,8:05:41,8,5,41,16
2004_09_NYJ_BUF,11/7/2004,BUF,NYJ,8:03:14,8,3,14,13
2004_09_OAK_CAR,11/7/2004,CAR,LV,8:03:00,8,3,0,13
2004_09_PHI_PIT,11/7/2004,PIT,PHI,8:03:30,8,3,30,13
2004_09_SEA_SF,11/7/2004,SF,SEA,8:05:41,8,5,41,16
2004_09_WAS_DET,11/7/2004,DET,WAS,8:03:52,8,3,52,13
2004_10_BAL_NYJ,11/14/2004,NYJ,BAL,8:02:53,8,2,53,13
2004_10_BUF_NE,11/14/2004,NE,BUF,15:36:57,15,36,57,21
2004_10_CAR_SF,11/14/2004,SF,CAR,8:15:41,8,15,41,16
2004_10_CHI_TEN,11/14/2004,TEN,CHI,7:03:49,7,3,49,13
2004_10_CIN_WAS,11/14/2004,WAS,CIN,11:05:44,11,5,44,16
2004_10_DET_JAX,11/14/2004,JAX,DET,8:04:52,8,4,52,13
2004_10_HOU_IND,11/14/2004,IND,HOU,8:02:44,8,2,44,13
2004_10_KC_NO,11/14/2004,NO,KC,7:02:50,7,2,50,13
2004_10_MIN_GB,11/14/2004,GB,MIN,10:15:19,10,15,19,16
2004_10_NYG_ARI,11/14/2004,ARI,NYG,9:15:49,9,15,49,16
2004_10_PHI_DAL,11/15/2004,DAL,PHI,15:09:38,15,9,38,21
2004_10_PIT_CLE,11/14/2004,CLE,PIT,8:03:37,8,3,37,13
2004_10_SEA_STL,11/14/2004,LA,SEA,7:03:18,7,3,18,13
2004_10_TB_ATL,11/14/2004,ATL,TB,8:03:31,8,3,31,13
2004_11_ARI_CAR,11/21/2004,CAR,ARI,8:02:48,8,2,48,13
2004_11_ATL_NYG,11/21/2004,NYG,ATL,11:15:56,11,15,56,16
2004_11_DAL_BAL,11/21/2004,BAL,DAL,8:03:01,8,3,1,13
2004_11_DEN_NO,11/21/2004,NO,DEN,7:03:08,7,3,8,13
2004_11_DET_MIN,11/21/2004,MIN,DET,8:03:21,8,3,21,13
2004_11_GB_HOU,11/21/2004,HOU,GB,14:36:53,14,36,53,21
2004_11_IND_CHI,11/21/2004,CHI,IND,7:02:26,7,2,26,13
2004_11_MIA_SEA,11/21/2004,SEA,MIA,8:05:30,8,5,30,16
2004_11_NE_KC,11/22/2004,KC,NE,15:08:29,15,8,29,21
2004_11_NYJ_CLE,11/21/2004,CLE,NYJ,8:03:03,8,3,3,13
2004_11_PIT_CIN,11/21/2004,CIN,PIT,8:03:01,8,3,1,13
2004_11_SD_OAK,11/21/2004,LV,LAC,8:05:45,8,5,45,16
2004_11_SF_TB,11/21/2004,TB,SF,8:53:45,8,53,45,13
2004_11_STL_BUF,11/21/2004,BUF,LA,8:03:24,8,3,24,13
2004_11_TEN_JAX,11/21/2004,JAX,TEN,8:02:39,8,2,39,13
2004_11_WAS_PHI,11/21/2004,PHI,WAS,11:16:04,11,16,4,16
2004_12_BAL_NE,11/28/2004,NE,BAL,11:16:08,11,16,8,13
2004_12_BUF_SEA,11/28/2004,SEA,BUF,8:15:42,8,15,42,16
2004_12_CHI_DAL,11/25/2004,DAL,CHI,10:37:07,10,37,7,16
2004_12_CLE_CIN,11/28/2004,CIN,CLE,8:02:40,8,2,40,13
2004_12_IND_DET,11/25/2004,DET,IND,7:38:33,7,38,33,13
2004_12_JAX_MIN,11/28/2004,MIN,JAX,8:03:09,8,3,9,13
2004_12_MIA_SF,11/28/2004,SF,MIA,8:15:49,8,15,49,16
2004_12_NO_ATL,11/28/2004,ATL,NO,11:06:02,11,6,2,16
2004_12_NYJ_ARI,11/28/2004,ARI,NYJ,9:16:01,9,16,1,16
2004_12_PHI_NYG,11/28/2004,NYG,PHI,8:02:46,8,2,46,13
2004_12_SD_KC,11/28/2004,KC,LAC,7:03:02,7,3,2,13
2004_12_STL_GB,11/29/2004,GB,LA,15:09:19,15,9,19,21
2004_12_TB_CAR,11/28/2004,CAR,TB,8:04:02,8,4,2,13
2004_12_TEN_HOU,11/28/2004,HOU,TEN,7:02:53,7,2,53,13
2004_12_WAS_PIT,11/28/2004,PIT,WAS,8:03:38,8,3,38,13
2004_13_ARI_DET,12/5/2004,DET,ARI,8:03:28,8,3,28,13
2004_13_ATL_TB,12/5/2004,TB,ATL,8:03:15,8,3,15,13
2004_13_BUF_MIA,12/5/2004,MIA,BUF,8:03:05,8,3,5,13
2004_13_CAR_NO,12/5/2004,NO,CAR,7:03:26,7,3,26,13
2004_13_CIN_BAL,12/5/2004,BAL,CIN,8:03:02,8,3,2,13
2004_13_DEN_SD,12/5/2004,LAC,DEN,8:05:53,8,5,53,16
2004_13_GB_PHI,12/5/2004,PHI,GB,11:15:49,11,15,49,16
2004_13_HOU_NYJ,12/5/2004,NYJ,HOU,8:02:51,8,2,51,13
2004_13_KC_OAK,12/5/2004,LV,KC,8:14:28,8,14,28,16
2004_13_MIN_CHI,12/5/2004,CHI,MIN,7:03:09,7,3,9,13
2004_13_NE_CLE,12/5/2004,CLE,NE,8:02:51,8,2,51,13
2004_13_NYG_WAS,12/5/2004,WAS,NYG,11:15:54,11,15,54,16
2004_13_PIT_JAX,12/5/2004,JAX,PIT,15:36:57,15,36,57,21
2004_13_SF_STL,12/5/2004,LA,SF,7:02:51,7,2,51,13
2004_13_TEN_IND,12/5/2004,IND,TEN,8:02:43,8,2,43,13
2004_14_CHI_JAX,12/12/2004,JAX,CHI,8:03:08,8,3,8,13
2004_14_CIN_NE,12/12/2004,NE,CIN,8:03:05,8,3,5,13
2004_14_CLE_BUF,12/12/2004,BUF,CLE,8:03:26,8,3,26,13
2004_14_DET_GB,12/12/2004,GB,DET,10:15:32,10,15,32,13
2004_14_IND_HOU,12/12/2004,HOU,IND,7:02:34,7,2,34,13
2004_14_KC_TEN,12/13/2004,TEN,KC,15:08:02,15,8,2,21
2004_14_MIA_DEN,12/12/2004,DEN,MIA,9:05:42,9,5,42,16
2004_14_NO_DAL,12/12/2004,DAL,NO,7:03:41,7,3,41,13
2004_14_NYG_BAL,12/12/2004,BAL,NYG,8:03:36,8,3,36,13
2004_14_NYJ_PIT,12/12/2004,PIT,NYJ,11:37:35,11,37,35,16
2004_14_OAK_ATL,12/12/2004,ATL,LV,8:03:03,8,3,3,13
2004_14_PHI_WAS,12/12/2004,WAS,PHI,15:37:05,15,37,5,21
2004_14_SEA_MIN,12/12/2004,MIN,SEA,8:03:26,8,3,26,13
2004_14_SF_ARI,12/12/2004,ARI,SF,9:15:27,9,15,27,16
2004_14_STL_CAR,12/12/2004,CAR,LA,11:15:45,11,15,45,16
2004_14_TB_SD,12/12/2004,LAC,TB,8:15:32,8,15,32,16
2004_15_BAL_IND,12/19/2004,IND,BAL,15:37:28,15,37,28,21
2004_15_BUF_CIN,12/19/2004,CIN,BUF,8:03:32,8,3,32,13
2004_15_CAR_ATL,12/18/2004,ATL,CAR,15:36:54,15,36,54,21
2004_15_DAL_PHI,12/19/2004,PHI,DAL,8:02:48,8,2,48,13
2004_15_DEN_KC,12/19/2004,KC,DEN,7:03:09,7,3,9,16
2004_15_HOU_CHI,12/19/2004,CHI,HOU,7:02:42,7,2,42,13
2004_15_JAX_GB,12/19/2004,GB,JAX,10:16:05,10,16,5,13
2004_15_MIN_DET,12/19/2004,DET,MIN,8:03:09,8,3,9,13
2004_15_NO_TB,12/19/2004,TB,NO,11:05:37,11,5,37,16
2004_15_PIT_NYG,12/18/2004,NYG,PIT,8:37:12,8,37,12,13
2004_15_SD_CLE,12/19/2004,CLE,LAC,8:03:01,8,3,1,13
2004_15_SEA_NYJ,12/19/2004,NYJ,SEA,8:02:56,8,2,56,13
2004_15_STL_ARI,12/19/2004,ARI,LA,9:05:47,9,5,47,16
2004_15_TEN_OAK,12/19/2004,LV,TEN,8:28:37,8,28,37,16
2004_15_WAS_SF,12/18/2004,SF,WAS,9:16:07,9,16,7,17
2004_16_ARI_SEA,12/26/2004,SEA,ARI,8:15:50,8,15,50,16
2004_16_ATL_NO,12/26/2004,NO,ATL,7:03:07,7,3,7,13
2004_16_BAL_PIT,12/26/2004,PIT,BAL,8:02:55,8,2,55,13
2004_16_BUF_SF,12/26/2004,SF,BUF,8:06:34,8,6,34,16
2004_16_CAR_TB,12/26/2004,TB,CAR,11:15:52,11,15,52,13
2004_16_CHI_DET,12/26/2004,DET,CHI,8:03:14,8,3,14,13
2004_16_CLE_MIA,12/26/2004,MIA,CLE,15:37:31,15,37,31,21
2004_16_DEN_TEN,12/25/2004,TEN,DEN,14:36:22,14,36,22,21
2004_16_GB_MIN,12/24/2004,MIN,GB,9:06:36,9,6,36,15
2004_16_HOU_JAX,12/26/2004,JAX,HOU,8:03:13,8,3,13,13
2004_16_NE_NYJ,12/26/2004,NYJ,NE,11:05:44,11,5,44,16
2004_16_NYG_CIN,12/26/2004,CIN,NYG,8:03:26,8,3,26,13
2004_16_OAK_KC,12/25/2004,KC,LV,11:06:38,11,6,38,17
2004_16_PHI_STL,12/27/2004,LA,PHI,15:11:43,15,11,43,21
2004_16_SD_IND,12/26/2004,IND,LAC,8:03:00,8,3,0,13
2004_16_WAS_DAL,12/26/2004,DAL,WAS,10:15:46,10,15,46,16
2004_17_ATL_SEA,1/2/2005,SEA,ATL,8:06:06,8,6,6,16
2004_17_CIN_PHI,1/2/2005,PHI,CIN,8:05:09,8,5,9,13
2004_17_CLE_HOU,1/2/2005,HOU,CLE,7:03:03,7,3,3,13
2004_17_DAL_NYG,1/2/2005,NYG,DAL,15:36:16,15,36,16,21
2004_17_DET_TEN,1/2/2005,TEN,DET,7:03:33,7,3,33,13
2004_17_GB_CHI,1/2/2005,CHI,GB,7:03:30,7,3,30,13
2004_17_IND_DEN,1/2/2005,DEN,IND,9:15:52,9,15,52,16
2004_17_JAX_OAK,1/2/2005,LV,JAX,9:16:04,9,16,4,16
2004_17_KC_SD,1/2/2005,LAC,KC,8:15:42,8,15,42,16
2004_17_MIA_BAL,1/2/2005,BAL,MIA,8:06:45,8,6,45,13
2004_17_MIN_WAS,1/2/2005,WAS,MIN,8:04:04,8,4,4,13
2004_17_NO_CAR,1/2/2005,CAR,NO,8:03:35,8,3,35,13
2004_17_NYJ_STL,1/2/2005,LA,NYJ,7:03:15,7,3,15,13
2004_17_PIT_BUF,1/2/2005,BUF,PIT,8:03:05,8,3,5,13
2004_17_SF_NE,1/2/2005,NE,SF,8:02:46,8,2,46,13
2004_17_TB_ARI,1/2/2005,ARI,TB,9:05:46,9,5,46,16
2005_01_NO_CAR,9/11/2005,CAR,NO,15:10:02,15,10,2,13
2005_01_NYJ_KC,9/11/2005,KC,NYJ,12:06:40,12,6,40,13
2005_01_OAK_NE,9/8/2005,NE,LV,21:07:44,21,7,44,21
2005_01_PHI_ATL,9/12/2005,ATL,PHI,21:10:13,21,10,13,21
2005_02_NYG_NO,9/19/2005,NO,NYG,19:36:28,19,36,28,19
2005_02_WAS_DAL,9/19/2005,DAL,WAS,21:08:26,21,8,26,21
2005_03_KC_DEN,9/26/2005,DEN,KC,21:07:52,21,7,52,21
2005_04_BUF_NO,10/2/2005,NO,BUF,12:03:28,12,3,28,13
2005_04_GB_CAR,10/3/2005,CAR,GB,21:07:30,21,7,30,21
2005_04_PHI_KC,10/2/2005,KC,PHI,15:15:07,15,15,7,13
2005_05_PHI_DAL,10/9/2005,DAL,PHI,15:15:47,15,15,47,16
2005_05_PIT_SD,10/10/2005,LAC,PIT,21:07:43,21,7,43,21
2005_06_MIN_CHI,10/16/2005,CHI,MIN,8:03:00,8,3,0,13
2005_06_NYG_DAL,10/16/2005,DAL,NYG,12:02:46,12,2,46,13
2005_06_STL_IND,10/17/2005,IND,LA,21:08:06,21,8,6,21
2005_07_KC_MIA,10/21/2005,MIA,KC,19:05:19,19,5,19,13
2005_07_NYJ_ATL,10/24/2005,ATL,NYJ,21:07:53,21,7,53,21
2005_08_ARI_DAL,10/30/2005,DAL,ARI,12:03:17,12,3,17,13
2005_08_BAL_PIT,10/31/2005,PIT,BAL,21:08:00,21,8,0,21
2005_09_IND_NE,11/7/2005,NE,IND,21:08:00,21,8,0,21
2005_10_DAL_PHI,11/14/2005,PHI,DAL,21:08:12,21,8,12,21
2005_10_WAS_TB,11/13/2005,TB,WAS,11:15:45,11,15,45,13
2005_11_MIN_GB,11/21/2005,GB,MIN,21:07:34,21,7,34,21
2005_12_ATL_DET,11/24/2005,DET,ATL,12:40:38,12,40,38,13
2005_12_PIT_IND,11/28/2005,IND,PIT,21:08:14,21,8,14,21
2005_13_SEA_PHI,12/5/2005,PHI,SEA,21:08:08,21,8,8,21
2005_14_NO_ATL,12/12/2005,ATL,NO,21:08:39,21,8,39,21
2005_15_GB_BAL,12/19/2005,BAL,GB,21:19:18,21,19,18,21
2005_15_KC_NYG,12/17/2005,NYG,KC,17:11:35,17,11,35,17
2005_16_CHI_GB,12/25/2005,GB,CHI,17:12:40,17,12,40,17
2005_16_NE_NYJ,12/26/2005,NYJ,NE,21:09:15,21,9,15,21
2006_01_MIN_WAS,9/11/2006,WAS,MIN,19:11:27,19,11,27,19
2006_01_SD_OAK,9/11/2006,LV,LAC,22:25:26,22,25,26,22
2006_11_STL_CAR,11/19/2006,CAR,LA,14:04:22,14,4,22,13
2006_12_MIA_DET,11/23/2006,DET,MIA,12:39:02,12,39,2,13
2006_12_PIT_BAL,11/26/2006,BAL,PIT,14:01:01,14,1,1,13
2006_15_CLE_BAL,12/17/2006,BAL,CLE,19:00:00,19,0,0,13
2006_16_PHI_DAL,12/25/2006,DAL,PHI,17:08:01,17,8,1,17
2007_01_ARI_SF,9/10/2007,SF,ARI,22:25:45,22,25,45,22
2007_01_BAL_CIN,9/10/2007,CIN,BAL,19:10:19,19,10,19,19
2007_03_ARI_BAL,9/23/2007,BAL,ARI,14:04:25,14,4,25,13
2007_08_BUF_NYJ,10/28/2007,NYJ,BUF,17:05:36,17,5,36,16
2007_08_NO_SF,10/28/2007,SF,NO,17:18:01,17,18,1,16
2007_10_CIN_BAL,11/11/2007,BAL,CIN,17:17:44,17,17,44,16
2007_12_GB_DET,11/22/2007,DET,GB,12:36:42,12,36,42,13
2007_13_NE_BAL,12/3/2007,BAL,NE,21:46:43,21,46,43,21
2007_14_IND_BAL,12/9/2007,BAL,IND,19:00:00,19,0,0,21
2007_17_PIT_BAL,12/30/2007,BAL,PIT,17:10:38,17,10,38,13
2008_01_CIN_BAL,9/7/2008,BAL,CIN,14:26:03,14,26,3,13
2008_01_DEN_OAK,9/8/2008,LV,DEN,22:23:21,22,23,21,22
2008_01_MIN_GB,9/8/2008,GB,MIN,19:10:32,19,10,32,19
2008_01_WAS_NYG,9/4/2008,NYG,WAS,19:07:39,19,7,39,19
2008_03_CLE_BAL,9/21/2008,BAL,CLE,19:00:00,19,0,0,16
2008_05_TEN_BAL,10/5/2008,BAL,TEN,19:00:00,19,0,0,13
2008_06_STL_WAS,10/12/2008,WAS,LA,19:00:00,19,0,0,13
2008_08_BUF_MIA,10/26/2008,MIA,BUF,14:05:22,14,5,22,13
2008_08_CIN_HOU,10/26/2008,HOU,CIN,17:05:37,17,5,37,16
2008_08_OAK_BAL,10/26/2008,BAL,LV,19:00:00,19,0,0,13
2008_08_SEA_SF,10/26/2008,SF,SEA,17:15:25,17,15,25,16
2008_08_WAS_DET,10/26/2008,DET,WAS,14:03:05,14,3,5,13
2008_13_DEN_NYJ,11/30/2008,NYJ,DEN,19:00:00,19,0,0,13
2008_13_TEN_DET,11/27/2008,DET,TEN,12:37:57,12,37,57,12
2008_14_WAS_BAL,12/7/2008,BAL,WAS,19:00:00,19,0,0,13
2008_15_PIT_BAL,12/14/2008,BAL,PIT,19:00:00,19,0,0,13
2008_17_JAX_BAL,12/28/2008,BAL,JAX,19:00:00,19,0,0,16
2008_17_MIA_NYJ,12/28/2008,NYJ,MIA,17:16:18,17,16,18,16
2009_01_BUF_NE,9/14/2009,NE,BUF,19:11:25,19,11,25,19
2009_01_KC_BAL,9/13/2009,BAL,KC,19:00:00,19,0,0,13
2009_01_SD_OAK,9/14/2009,LV,LAC,22:20:57,22,20,57,22
2009_03_CLE_BAL,9/27/2009,BAL,CLE,10:13:02,10,13,2,13
2009_05_CIN_BAL,10/11/2009,BAL,CIN,19:00:00,19,0,0,13
2009_06_CHI_ATL,10/18/2009,ATL,CHI,21:08:20,21,8,20,20
2009_08_DEN_BAL,11/1/2009,BAL,DEN,19:00:00,19,0,0,13
2009_11_IND_BAL,11/22/2009,BAL,IND,15:37:08,15,37,8,13
2009_12_GB_DET,11/26/2009,DET,GB,12:35:33,12,35,33,12
2009_12_PIT_BAL,11/29/2009,BAL,PIT,19:00:00,19,0,0,20
2009_14_DET_BAL,12/13/2009,BAL,DET,19:00:00,19,0,0,13
2009_15_CHI_BAL,12/20/2009,BAL,CHI,19:00:00,19,0,0,13
2009_15_MIN_CAR,12/20/2009,CAR,MIN,21:11:08,21,11,8,20
2009_16_DAL_WAS,12/27/2009,WAS,DAL,21:26:46,21,26,46,20
2009_16_SD_TEN,12/25/2009,TEN,LAC,19:34:21,19,34,21,19
2010_01_BAL_NYJ,9/13/2010,NYJ,BAL,19:26:37,19,26,37,19
2010_01_SD_KC,9/13/2010,KC,LAC,22:20:47,22,20,47,22
2010_03_CLE_BAL,9/26/2010,BAL,CLE,19:00:00,19,0,0,13
2010_05_DEN_BAL,10/10/2010,BAL,DEN,19:00:00,19,0,0,13
2010_05_MIN_NYJ,10/11/2010,NYJ,MIN,21:15:41,21,15,41,20
2010_07_BUF_BAL,10/24/2010,BAL,BUF,14:33:25,14,33,25,13
2010_09_MIA_BAL,11/7/2010,BAL,MIA,19:00:00,19,0,0,13
2010_12_NE_DET,11/25/2010,DET,NE,12:38:19,12,38,19,12
2010_12_TB_BAL,11/28/2010,BAL,TB,19:00:00,19,0,0,13
2010_13_PIT_BAL,12/5/2010,BAL,PIT,19:00:00,19,0,0,20
2010_14_NYG_MIN,12/13/2010,MIN,NYG,19:20:11,19,20,11,13
2010_15_NO_BAL,12/19/2010,BAL,NO,19:00:00,19,0,0,13
2010_16_DAL_ARI,12/25/2010,ARI,DAL,19:40:31,19,40,31,19
2010_17_CIN_BAL,1/2/2011,BAL,CIN,19:00:00,19,0,0,13
2011_01_NE_MIA,9/12/2011,MIA,NE,19:13:27,19,13,27,19
2011_01_OAK_DEN,9/12/2011,DEN,LV,22:26:23,22,26,23,22
2011_01_PIT_BAL,9/11/2011,BAL,PIT,19:00:00,19,0,0,13
2011_04_NYJ_BAL,10/2/2011,BAL,NYJ,19:00:00,19,0,0,20
2011_06_HOU_BAL,10/16/2011,BAL,HOU,19:00:00,19,0,0,16
2011_08_ARI_BAL,10/30/2011,BAL,ARI,19:00:00,19,0,0,13
2011_11_CIN_BAL,11/20/2011,BAL,CIN,19:00:00,19,0,0,13
2011_12_GB_DET,11/24/2011,DET,GB,12:35:48,12,35,48,12
2011_12_SF_BAL,11/24/2011,BAL,SF,19:00:00,19,0,0,20
2011_14_IND_BAL,12/11/2011,BAL,IND,19:00:00,19,0,0,13
2011_15_PIT_SF,12/19/2011,SF,PIT,21:00:10,21,0,10,20
2011_16_CLE_BAL,12/24/2011,BAL,CLE,19:00:00,19,0,0,13
2012_01_CIN_BAL,9/10/2012,BAL,CIN,19:00:00,19,0,0,19
2012_01_SD_OAK,9/10/2012,LV,LAC,22:25:26,22,25,26,22
2012_04_CLE_BAL,9/27/2012,BAL,CLE,19:00:00,19,0,0,20
2012_06_CIN_CLE,10/14/2012,CLE,CIN,12:59:55,12,59,55,13
2012_06_DAL_BAL,10/14/2012,BAL,DAL,19:00:00,19,0,0,13
2012_06_OAK_ATL,10/14/2012,ATL,LV,12:59:59,12,59,59,13
2012_08_SF_ARI,10/29/2012,ARI,SF,21:08:58,21,8,58,20
2012_10_OAK_BAL,11/11/2012,BAL,LV,19:00:00,19,0,0,13
2012_12_HOU_DET,11/22/2012,DET,HOU,12:39:01,12,39,1,12
2012_13_PIT_BAL,12/2/2012,BAL,PIT,19:00:00,19,0,0,16
2012_15_DEN_BAL,12/16/2012,BAL,DEN,19:00:00,19,0,0,13
2012_16_NYG_BAL,12/23/2012,BAL,NYG,19:00:00,19,0,0,16
2013_01_BAL_DEN,9/5/2013,DEN,BAL,21:13:55,21,13,55,20
2013_01_HOU_SD,9/9/2013,LAC,HOU,22:25:37,22,25,37,22
2013_01_PHI_WAS,9/9/2013,WAS,PHI,19:10:21,19,10,21,19
2013_02_CLE_BAL,9/15/2013,BAL,CLE,19:00:00,19,0,0,13
2013_03_HOU_BAL,9/22/2013,BAL,HOU,19:00:00,19,0,0,13
2013_05_SD_OAK,10/6/2013,LV,LAC,23:35:26,23,35,26,23
2013_06_GB_BAL,10/13/2013,BAL,GB,19:00:00,19,0,0,13
2013_10_CIN_BAL,11/10/2013,BAL,CIN,14:14:26,14,14,26,13
2013_11_NE_CAR,11/18/2013,CAR,NE,21:06:55,21,6,55,20
2013_12_NYJ_BAL,11/24/2013,BAL,NYJ,19:00:00,19,0,0,13
2013_13_GB_DET,11/28/2013,DET,GB,12:36:33,12,36,33,12
2013_13_PIT_BAL,11/28/2013,BAL,PIT,19:00:00,19,0,0,20
2013_14_MIN_BAL,12/8/2013,BAL,MIN,19:00:00,19,0,0,13
2013_16_NE_BAL,12/22/2013,BAL,NE,19:00:00,19,0,0,16
2014_01_CIN_BAL,9/7/2014,BAL,CIN,19:00:00,19,0,0,13
2014_01_NYG_DET,9/8/2014,DET,NYG,19:11:21,19,11,21,19
2014_01_SD_ARI,9/8/2014,ARI,LAC,22:21:13,22,21,13,22
2014_02_DET_CAR,9/14/2014,CAR,DET,14:01:56,14,1,56,13
2014_02_PIT_BAL,9/11/2014,BAL,PIT,21:32:25,21,32,25,20
2014_04_CAR_BAL,9/28/2014,BAL,CAR,19:00:00,19,0,0,13
2014_07_ATL_BAL,10/19/2014,BAL,ATL,10:13:04,10,13,4,13
2014_08_DET_ATL,10/26/2014,ATL,DET,9:37:28,9,37,28,9
2014_12_NYJ_BUF,11/24/2014,BUF,NYJ,19:05:33,19,5,33,19
2014_13_CHI_DET,11/27/2014,DET,CHI,12:39:19,12,39,19,12
2014_16_SEA_ARI,12/21/2014,ARI,SEA,21:28:02,21,28,2,20
2015_01_MIN_SF,9/14/2015,SF,MIN,22:20:54,22,20,54,20
2015_01_PHI_ATL,9/14/2015,ATL,PHI,19:10:47,19,10,47,19
2015_04_NYJ_MIA,10/4/2015,MIA,NYJ,9:37:10,9,37,10,9
2015_07_BUF_JAX,10/25/2015,JAX,BUF,9:35:23,9,35,23,9
2015_08_DET_KC,11/1/2015,KC,DET,9:36:09,9,36,9,9
2015_12_PHI_DET,11/26/2015,DET,PHI,12:35:32,12,35,32,12
2015_17_TB_CAR,1/3/2016,CAR,TB,17:00:47,17,0,47,13
2016_01_LA_SF,9/12/2016,SF,LA,22:20:26,22,20,26,20
2016_01_PIT_WAS,9/12/2016,WAS,PIT,19:11:15,19,11,15,19
2016_04_IND_JAX,10/2/2016,JAX,IND,9:35:34,9,35,34,9
2016_07_NYG_LA,10/23/2016,LA,NYG,9:31:43,9,31,43,9
2016_08_WAS_CIN,10/30/2016,CIN,WAS,9:36:04,9,36,4,9
2016_12_MIN_DET,11/24/2016,DET,MIN,12:41:40,12,41,40,12
2017_01_LAC_DEN,9/11/2017,DEN,LAC,22:21:17,22,21,17,20
2017_01_NO_MIN,9/11/2017,MIN,NO,19:10:42,19,10,42,19
2017_03_BAL_JAX,9/24/2017,JAX,BAL,9:35:34,9,35,34,13
2017_04_NO_MIA,10/1/2017,MIA,NO,9:35:43,9,35,43,9
2017_08_MIN_CLE,10/29/2017,CLE,MIN,9:30:22,9,30,22,9
2017_12_MIN_DET,11/23/2017,DET,MIN,12:35:26,12,35,26,12
2018_01_ATL_PHI,9/6/2018,PHI,ATL,21:05:29,21,5,29,20
2018_01_LA_OAK,9/10/2018,LV,LA,22:20:36,22,20,36,22
2018_01_NYJ_DET,9/10/2018,DET,NYJ,19:10:37,19,10,37,19
2018_07_TEN_LAC,10/21/2018,LAC,TEN,9:36:03,9,36,3,9
2018_08_PHI_JAX,10/28/2018,JAX,PHI,9:35:25,9,35,25,9
2018_12_CHI_DET,11/22/2018,DET,CHI,12:38:30,12,38,30,12
2018_13_IND_JAX,12/2/2018,JAX,IND,14:14:37,14,14,37,13
2019_01_DEN_OAK,9/9/2019,LV,DEN,22:20:18,22,20,18,22
2019_01_HOU_NO,9/9/2019,NO,HOU,19:10:35,19,10,35,19
2019_02_TB_CAR,9/12/2019,CAR,TB,21:13:48,21,13,48,20
2019_06_CAR_TB,10/13/2019,TB,CAR,9:35:30,9,35,30,9
2019_09_HOU_JAX,11/3/2019,JAX,HOU,9:35:40,9,35,40,9
2019_13_CHI_DET,11/28/2019,DET,CHI,12:35:42,12,35,42,12
2020_01_PIT_NYG,9/14/2020,NYG,PIT,19:10:16,19,10,16,19
2020_01_TEN_DEN,9/14/2020,DEN,TEN,22:20:30,22,20,30,22
2020_04_ATL_GB,10/5/2020,GB,ATL,21:00:45,21,0,45,20
2020_04_NE_KC,10/5/2020,KC,NE,19:05:57,19,5,57,20
2020_05_BUF_TEN,10/13/2020,TEN,BUF,19:05:28,19,5,28,13
2020_06_KC_BUF,10/19/2020,BUF,KC,17:05:38,17,5,38,20
2020_12_BAL_PIT,12/2/2020,PIT,BAL,15:40:31,15,40,31,20
2020_12_HOU_DET,11/26/2020,DET,HOU,12:35:34,12,35,34,12
2020_13_WAS_PIT,12/7/2020,PIT,WAS,17:05:33,17,5,33,13
2021_05_NYJ_ATL,10/10/2021,ATL,NYJ,9:35:26,9,35,26,9
2021_06_MIA_JAX,10/17/2021,JAX,MIA,9:37:04,9,37,4,13
2021_12_CHI_DET,11/25/2021,DET,CHI,12:35:52,12,35,52,12
2021_15_LV_CLE,12/20/2021,CLE,LV,17:03:29,17,3,29,17
2021_15_SEA_LA,12/21/2021,LA,SEA,19:05:34,19,5,34,16
2021_15_WAS_PHI,12/21/2021,PHI,WAS,19:05:29,19,5,29,19
2022_02_TEN_BUF,9/19/2022,BUF,TEN,19:15:37,19,15,37,19
2022_04_MIN_NO,10/2/2022,NO,MIN,9:33:38,9,33,38,9
2022_05_NYG_GB,10/9/2022,GB,NYG,9:32:59,9,32,59,9
2022_08_DEN_JAX,10/30/2022,JAX,DEN,9:31:09,9,31,9,9
2022_10_SEA_TB,11/13/2022,TB,SEA,9:32:32,9,32,32,9
2022_12_BUF_DET,11/24/2022,DET,BUF,12:35:25,12,35,25,12
2022_16_HOU_TEN,12/24/2022,TEN,HOU,14:02:26,14,2,26,13
2023_02_NO_CAR,9/18/2023,CAR,NO,19:15:34,19,15,34,19
2023_03_PHI_TB,9/25/2023,TB,PHI,19:15:32,19,15,32,19
2023_04_ATL_JAX,10/1/2023,JAX,ATL,9:32:54,9,32,54,9
2023_05_JAX_BUF,10/8/2023,BUF,JAX,9:32:35,9,32,35,9
2023_06_BAL_TEN,10/15/2023,TEN,BAL,9:32:40,9,32,40,9
2023_09_MIA_KC,11/5/2023,KC,MIA,9:32:30,9,32,30,9
2023_10_IND_NE,11/12/2023,NE,IND,9:32:57,9,32,57,9
2023_12_GB_DET,11/23/2023,DET,GB,12:35:39,12,35,39,12
2023_12_MIA_NYJ,11/24/2023,NYJ,MIA,15:03:11,15,3,11,15
2024_03_JAX_BUF,9/23/2024,BUF,JAX,19:30:15,19,30,15,19
2024_04_TEN_MIA,9/30/2024,MIA,TEN,19:31:04,19,31,4,19
2024_05_DAL_PIT,10/6/2024,PIT,DAL,21:46:19,21,46,19,20
2024_05_NYJ_MIN,10/6/2024,MIN,NYJ,9:32:24,9,32,24,9
2024_06_JAX_CHI,10/13/2024,CHI,JAX,9:32:24,9,32,24,9
2024_07_LAC_ARI,10/21/2024,ARI,LAC,21:00:26,21,0,26,21
2024_07_NE_JAX,10/20/2024,JAX,NE,9:32:30,9,32,30,9
2024_10_NYG_CAR,11/10/2024,CAR,NYG,9:32:40,9,32,40,9
2024_13_CHI_DET,11/28/2024,DET,CHI,12:36:02,12,36,2,12
2024_13_LV_KC,11/29/2024,KC,LV,15:03:35,15,3,35,15
